,ap0,ap1,ap2,ap3,ap4,ap5,ap6,ap7,ap8,ap9,ap10,ap11,ap12,ap13,ap14,ap15,ap16,ap17,ap18,ap19,ap20,ap21,ap22,ap23,ap24,ap25,ap26,ap27,ap28,ap29,ap30,ap31,ap32,ap33,ap34,ap35,ap36,ap37,ap38,ap39,ap40,ap41,ap42,ap43,ap44,ap45,ap46,ap47,ap48,ap49,ap50,ap51,ap52,result_x,result_y
0,0,0,-63,0,0,0,-94,-96,0,0,0,0,0,-91,-94,0,-70,0,0,-84,0,-68,0,0,0,0,0,0,0,0,0,0,0,0,0,0,-94,0,0,0,0,-92,-67,0,0,-87,-84,0,0,0,0,0,0,20.667486799909522,-103.46449747681618
1,0,0,-65,0,0,0,-91,-96,0,0,0,0,0,-93,-96,0,-65,0,0,-87,0,-72,0,0,0,0,0,0,0,0,0,0,0,0,-96,0,-94,0,0,0,0,-90,-64,0,0,-85,-75,0,0,0,0,0,0,20.667486799909522,-103.46449747681618
2,0,0,-65,0,0,0,-91,-96,0,0,0,0,0,-93,-96,0,-65,0,0,-87,0,-72,0,0,0,0,0,0,0,0,0,0,0,0,-96,0,-94,0,0,0,0,-90,-64,0,0,-85,-75,0,0,0,0,0,0,20.667486799909522,-103.46449747681618
3,0,0,-65,0,-97,0,-94,0,0,0,0,0,0,-93,-90,0,-71,0,0,-85,0,-77,0,0,0,0,0,0,0,0,0,0,0,0,0,0,0,0,0,0,0,-97,-61,0,0,-84,-76,0,0,0,-96,0,0,20.667486799909522,-103.46449747681618
4,0,0,-65,0,-97,0,-94,0,-93,0,0,0,0,-93,-90,0,-70,0,0,-90,0,-76,0,0,0,0,0,0,0,0,0,0,0,0,-94,0,0,0,0,-97,0,-97,-64,0,0,-74,-74,0,0,0,-96,0,0,20.667486799909522,-103.46449747681618
5,0,0,-65,0,-97,0,-94,0,-93,0,0,0,0,-93,-90,0,-70,0,0,-90,0,-76,0,0,0,0,0,0,0,0,0,0,0,0,-94,0,0,0,0,-97,0,-97,-64,0,0,-74,-74,0,0,0,-96,0,0,20.667486799909522,-103.46449747681618
6,0,0,-67,0,0,0,-93,-95,0,0,0,0,0,0,-95,0,-70,0,0,-85,0,0,0,0,0,0,0,0,0,0,0,0,0,0,0,0,-95,0,0,0,0,-91,-63,0,0,-81,-67,0,0,0,0,0,0,20.667486799909522,-103.46449747681618
7,0,0,-67,0,0,0,-91,-95,0,0,0,0,0,-94,-95,0,-66,0,0,-85,0,0,0,0,0,0,0,0,0,0,0,0,0,0,0,0,-95,0,0,0,0,-92,-66,0,0,-84,-71,0,0,0,0,0,0,20.667486799909522,-103.46449747681618
8,0,0,-67,0,0,0,-91,-95,0,0,0,0,0,-94,-95,0,-66,0,0,-85,0,0,0,0,0,0,0,0,0,0,0,0,0,0,0,0,-95,0,0,0,0,-92,-66,0,0,-84,-71,0,0,0,0,0,0,20.667486799909522,-103.46449747681618
9,0,0,-63,0,0,0,0,-93,0,0,0,-93,0,0,0,0,-67,0,0,-83,0,-73,0,0,0,0,0,0,0,0,0,0,0,0,0,0,-95,0,0,0,0,0,-66,0,0,-88,-70,0,0,0,0,0,0,20.667486799909522,-103.46449747681618
10,0,0,-64,0,-97,0,0,0,0,0,0,0,0,0,0,-91,-71,-93,0,-88,0,-66,0,0,0,0,0,0,0,-88,0,0,0,0,0,0,-96,0,0,0,0,-97,-57,0,0,-84,-78,0,0,0,0,0,0,20.667507190359533,-103.4645015001297
11,0,0,-64,0,-97,0,0,0,0,0,0,0,0,0,0,-91,-71,-93,0,-88,0,-66,0,0,0,0,0,0,0,-88,0,0,0,0,0,0,-96,0,0,0,0,-97,-57,0,0,-84,-78,0,0,0,0,0,0,20.667507190359533,-103.4645015001297
12,-98,0,-65,0,-99,0,-94,0,0,0,0,0,0,0,0,-92,-74,-92,0,-86,0,0,0,0,0,0,0,0,0,-89,0,0,0,0,0,0,0,0,0,0,0,-97,-55,0,0,-89,-80,0,0,0,0,0,0,20.667507190359533,-103.4645015001297
13,-94,0,-62,0,-99,0,-94,0,0,0,0,0,0,0,0,-92,-74,-96,0,-84,0,0,0,0,0,0,0,0,0,-87,0,0,0,0,0,0,0,0,0,0,0,-97,-56,0,0,-83,-73,0,0,0,0,0,0,20.667507190359533,-103.4645015001297
14,-94,0,-62,0,-99,0,-94,0,0,0,0,0,0,0,0,-92,-74,-96,0,-84,0,0,0,0,0,0,0,0,0,-87,0,0,0,0,0,0,0,0,0,0,0,-97,-56,0,0,-83,-73,0,0,0,0,0,0,20.667507190359533,-103.4645015001297
15,0,0,-62,0,0,0,0,0,0,0,0,0,0,-93,0,0,-75,0,0,-85,0,0,0,0,0,0,0,0,0,-88,0,0,0,0,-96,0,-93,0,0,0,0,0,-56,0,0,-82,-71,0,0,0,-96,0,0,20.667507190359533,-103.4645015001297
16,0,0,-61,0,0,0,0,0,0,0,0,0,0,-93,0,0,-74,-94,0,-87,-84,0,0,0,0,0,0,0,0,-90,0,0,0,0,-89,0,-97,0,0,0,0,0,-55,0,0,-77,-71,0,0,0,-96,0,0,20.667507190359533,-103.4645015001297
17,0,0,-61,0,0,0,0,0,0,0,0,0,0,-93,0,0,-74,-94,0,-87,-84,0,0,0,0,0,0,0,0,-90,0,0,0,0,-89,0,-97,0,0,0,0,0,-55,0,0,-77,-71,0,0,0,-96,0,0,20.667507190359533,-103.4645015001297
18,0,0,-60,0,0,0,0,0,0,0,0,0,0,0,0,0,-72,-99,0,0,0,0,0,-80,0,0,0,0,0,-87,0,0,0,0,-94,0,0,0,0,0,0,0,-57,0,0,-88,-74,0,0,0,-95,0,0,20.667507190359533,-103.4645015001297
19,0,0,-63,0,0,0,0,0,0,0,0,0,0,0,0,0,-69,-99,0,-86,-85,0,0,-83,0,0,0,0,0,-89,0,0,0,0,-92,0,0,0,0,0,0,0,-55,0,0,-80,-75,0,0,0,-95,0,0,20.667507190359533,-103.4645015001297
20,0,0,-61,0,0,0,0,0,0,0,0,0,0,0,-94,0,-68,0,0,0,0,0,0,0,0,0,0,0,0,-93,0,0,0,0,0,0,0,0,0,0,0,0,-52,0,0,-79,-76,0,0,0,0,0,0,20.667512209546807,-103.46447434276342
21,0,0,-62,0,0,0,-96,0,0,0,0,0,0,0,-96,-94,-69,0,0,0,0,-73,0,0,0,0,0,0,0,-91,0,0,0,0,0,0,0,0,0,0,0,0,-54,0,0,-79,-73,0,0,0,0,0,0,20.667512209546807,-103.46447434276342
22,0,0,-62,0,0,0,-96,0,0,0,0,0,0,0,-96,-94,-69,0,0,0,0,-73,0,0,0,0,0,0,0,-91,0,0,0,0,0,0,0,0,0,0,0,0,-54,0,0,-79,-73,0,0,0,0,0,0,20.667512209546807,-103.46447434276342
23,0,0,-63,0,0,0,0,0,0,0,0,0,0,0,0,-93,-69,0,0,-93,0,0,0,0,0,0,0,0,0,-88,0,0,0,0,0,0,-95,0,0,0,0,0,-51,0,0,-78,-74,0,0,0,0,0,0,20.667512209546807,-103.46447434276342
24,0,0,-64,0,0,0,0,0,0,0,0,0,0,0,-88,0,-69,0,0,0,0,-73,0,0,0,0,0,0,0,0,0,0,0,0,0,0,-93,0,0,0,0,0,-52,0,0,-82,-77,0,0,0,0,0,0,20.667512209546807,-103.46447434276342
25,0,0,-64,0,0,0,0,0,0,0,0,0,0,0,-88,0,-69,0,0,0,0,-73,0,0,0,0,0,0,0,0,0,0,0,0,0,0,-93,0,0,0,0,0,-52,0,0,-82,-77,0,0,0,0,0,0,20.667512209546807,-103.46447434276342
26,0,0,-62,0,0,0,0,0,0,0,0,0,0,0,0,0,-71,0,0,-94,0,0,0,0,0,0,0,0,0,-89,0,0,0,0,0,0,-97,0,0,0,0,0,-51,0,0,-81,-78,0,0,0,0,0,0,20.667512209546807,-103.46447434276342
27,0,0,-64,0,0,0,0,0,0,0,0,0,0,0,-95,-95,-67,0,0,-90,0,-74,0,0,0,0,0,0,0,-87,0,0,0,0,0,0,-97,0,0,0,0,0,-51,0,0,-80,-76,0,0,0,0,0,0,20.667512209546807,-103.46447434276342
28,0,0,-64,0,0,0,0,0,0,0,0,0,0,0,-95,-95,-67,0,0,-90,0,-74,0,0,0,0,0,0,0,-87,0,0,0,0,0,0,-97,0,0,0,0,0,-51,0,0,-80,-76,0,0,0,0,0,0,20.667512209546807,-103.46447434276342
29,0,0,-65,0,0,0,-96,0,0,0,0,0,0,0,0,0,-69,0,0,0,0,0,0,0,0,0,0,0,0,-89,0,0,0,0,0,0,-97,0,0,0,0,0,-52,0,0,-77,-77,0,0,0,0,0,0,20.667512209546807,-103.46447434276342
30,0,0,-74,0,0,0,0,0,0,0,0,0,0,0,0,0,-67,0,0,0,0,-77,0,0,0,0,0,0,0,-97,0,0,0,0,0,0,0,0,-95,0,0,0,-59,0,0,-85,-64,0,0,0,0,0,0,20.667489309503523,-103.46444718539715
31,0,0,-76,0,-97,0,0,0,0,0,0,0,0,0,0,0,-68,0,0,0,0,-77,0,0,0,0,0,0,0,0,0,0,0,0,0,0,0,0,0,0,0,0,-56,-99,0,-87,-66,-97,0,0,0,0,0,20.667489309503523,-103.46444718539715
32,0,0,-76,0,-97,0,0,0,0,0,0,0,0,0,0,0,-68,0,0,0,0,-77,0,0,0,0,0,0,0,0,0,0,0,0,0,0,0,0,0,0,0,0,-56,-99,0,-87,-66,-97,0,0,0,0,0,20.667489309503523,-103.46444718539715
33,0,0,-77,0,-96,0,0,0,0,-97,0,0,0,0,-94,0,-69,0,0,0,0,-82,0,0,0,0,0,0,0,0,0,0,0,0,0,0,0,0,-97,0,0,0,-57,0,0,0,-67,0,0,0,0,0,0,20.667489309503523,-103.46444718539715
34,0,0,-81,0,-96,0,0,0,0,-97,0,0,0,0,-94,0,-68,0,0,-90,0,-82,0,0,0,0,0,0,0,0,0,0,0,0,0,0,0,0,-97,0,0,-96,-56,0,0,-86,-67,0,0,0,0,0,0,20.667489309503523,-103.46444718539715
35,0,0,-81,0,-96,0,0,0,0,-97,0,0,0,0,-94,0,-68,0,0,-90,0,-82,0,0,0,0,0,0,0,0,0,0,0,0,0,0,0,0,-97,0,0,-96,-56,0,0,-86,-67,0,0,0,0,0,0,20.667489309503523,-103.46444718539715
36,0,0,-78,0,0,0,0,0,0,-95,0,0,0,0,0,0,-67,0,0,0,0,0,0,0,0,0,0,0,0,0,0,0,0,0,0,0,0,0,0,0,0,0,-58,0,0,-85,-67,0,0,0,0,0,0,20.667489309503523,-103.46444718539715
37,0,0,-73,0,0,0,0,0,0,-95,0,0,0,0,0,0,-73,0,0,0,0,0,0,0,0,0,0,0,0,0,0,0,0,0,0,0,0,0,-96,0,0,0,-57,0,0,-88,-67,-94,0,0,0,0,0,20.667489309503523,-103.46444718539715
38,0,0,-73,0,0,0,0,0,0,-95,0,0,0,0,0,0,-73,0,0,0,0,0,0,0,0,0,0,0,0,0,0,0,0,0,0,0,0,0,-96,0,0,0,-57,0,0,-88,-67,-94,0,0,0,0,0,20.667489309503523,-103.46444718539715
39,0,0,-64,0,-87,0,-87,0,-91,0,0,0,0,0,0,0,-56,0,0,-89,0,-82,0,0,0,0,-97,0,0,-83,0,0,0,0,-90,0,0,0,0,0,0,-91,-45,-93,0,-70,-59,-90,0,0,0,0,0,20.667489309503523,-103.46444718539715
40,0,0,-64,0,-87,0,-87,0,-91,0,0,0,0,0,0,0,-56,0,0,-89,0,-82,0,0,0,0,-97,0,0,-83,0,0,0,0,-90,0,0,0,0,0,0,-91,-45,-93,0,-70,-59,-90,0,0,0,0,0,20.667504053367406,-103.4644377976656
41,0,0,-64,0,-87,0,0,0,0,0,0,0,0,0,0,0,-56,0,0,0,0,0,0,0,0,0,0,0,0,-83,0,0,0,0,-90,0,0,0,0,0,0,0,-45,-93,0,0,-59,-90,0,0,0,0,0,20.667504053367406,-103.4644377976656
42,0,0,-64,0,-87,0,0,0,0,0,0,0,0,0,0,0,-57,0,0,0,0,0,0,0,0,0,0,0,0,-83,0,0,0,0,-90,0,0,0,0,0,0,0,-45,-93,0,0,-59,-90,0,0,0,0,0,20.667504053367406,-103.4644377976656
43,0,0,-60,0,-87,0,-88,0,-91,0,0,0,0,0,0,0,-57,0,0,0,0,-92,0,0,-85,0,0,0,0,-83,0,0,0,0,-90,0,0,0,0,0,0,0,-46,-93,0,-80,-59,-90,0,0,0,0,0,20.667504053367406,-103.4644377976656
44,0,0,-60,0,0,0,-88,0,-91,0,0,0,0,0,0,0,-57,0,0,0,0,-92,0,0,-85,0,0,0,0,0,0,0,0,0,-90,0,0,0,0,0,0,0,-46,-93,0,-80,-59,-90,0,0,0,0,0,20.667504053367406,-103.4644377976656
45,0,0,-60,0,0,0,-88,0,-91,0,0,0,0,0,0,0,-57,0,0,0,0,-92,0,0,-85,0,0,0,0,0,0,0,0,0,-90,0,0,0,0,0,0,0,-46,-93,0,-80,-59,-90,0,0,0,0,0,20.667504053367406,-103.4644377976656
46,0,0,-63,0,-91,0,-88,0,-91,0,0,0,0,0,0,0,-57,0,0,0,0,-92,0,0,-85,0,0,0,0,-87,0,0,0,0,-90,0,0,0,0,0,0,0,-48,-93,0,-81,-61,-90,0,0,0,0,0,20.667504053367406,-103.4644377976656
47,0,0,-63,0,-91,0,-88,0,-91,0,0,0,0,0,0,0,-57,0,0,0,0,-92,0,0,-85,0,0,0,0,-87,0,0,0,0,0,0,0,0,0,0,0,0,-48,0,0,-81,-61,0,0,0,0,0,0,20.667504053367406,-103.4644377976656
48,0,0,-63,0,-91,0,-88,0,-91,0,0,0,0,0,0,0,-58,0,0,0,0,-92,0,0,-85,0,0,0,0,-87,0,0,0,0,0,0,0,0,0,0,0,0,-48,0,0,-81,-61,0,0,0,0,0,0,20.667504053367406,-103.4644377976656
49,0,0,-63,0,-91,0,-88,0,-91,0,0,0,0,0,0,0,-57,0,0,0,0,-92,0,0,-85,-85,0,0,0,-88,0,0,0,0,-90,0,0,0,0,0,0,0,-48,0,0,-81,-60,0,0,0,0,0,0,20.667504053367406,-103.4644377976656
50,0,0,-63,0,-91,0,0,0,0,0,0,0,0,0,0,0,-58,0,0,0,0,0,0,0,0,-85,0,0,0,-88,0,0,0,0,-90,0,0,0,0,0,0,0,-48,0,0,-81,-60,0,0,0,0,0,0,20.667504053367406,-103.4644377976656
51,0,0,-77,0,0,0,-85,0,0,0,0,0,0,0,0,0,-46,0,0,0,0,0,0,0,0,0,0,-88,0,0,0,0,0,0,0,0,0,0,0,0,0,0,-50,0,-86,0,-59,0,0,0,0,0,0,20.667520993124143,-103.46432916820049
52,0,0,-77,0,0,0,-85,0,0,0,0,0,0,0,0,0,-45,0,0,0,0,0,0,0,0,0,0,-88,0,0,0,0,0,0,0,0,0,0,0,0,0,0,-50,0,-86,0,-59,0,0,0,0,0,0,20.667520993124143,-103.46432916820049
53,0,0,-76,0,0,0,-87,0,0,0,0,0,0,0,0,0,-43,0,0,0,0,0,0,0,0,0,0,-88,0,0,0,0,0,0,0,0,0,0,0,0,0,0,-58,0,-86,-84,-55,0,0,0,0,0,0,20.667520993124143,-103.46432916820049
54,0,0,-76,0,0,0,-87,0,0,0,0,0,0,0,0,0,-43,0,0,0,0,0,0,0,0,0,0,-88,0,0,0,0,0,0,0,0,0,0,0,0,0,0,-58,0,-86,-84,-55,0,0,0,0,0,0,20.667520993124143,-103.46432916820049
55,0,0,-76,0,0,0,-87,0,0,0,0,0,0,0,0,0,-43,0,0,0,0,0,0,0,0,0,0,0,0,0,0,0,0,0,0,0,0,0,0,0,0,0,-58,0,-86,-84,-55,0,0,0,0,0,0,20.667520993124143,-103.46432916820049
56,0,0,-76,0,0,0,-87,0,0,0,0,0,0,0,0,0,-43,0,0,0,0,0,0,0,0,0,0,0,0,0,0,0,0,0,0,0,0,0,0,0,0,0,-54,0,-86,-84,-54,0,0,0,0,0,0,20.667520993124143,-103.46432916820049
57,0,0,-76,0,0,0,-87,0,0,0,0,0,0,0,0,0,-43,0,0,0,0,0,0,0,0,0,0,0,0,0,0,0,0,0,0,0,0,0,0,0,0,0,-54,0,0,-84,-54,0,0,0,0,0,0,20.667520993124143,-103.46432916820049
58,0,0,-76,0,0,0,-87,0,0,0,0,0,0,0,0,0,-45,0,0,0,0,0,0,0,0,0,0,0,0,0,0,0,0,0,0,0,0,0,0,0,0,0,-54,0,0,-84,-54,0,0,0,0,0,0,20.667520993124143,-103.46432916820049
59,0,0,-76,0,0,0,-87,0,0,0,0,0,0,0,0,0,-45,0,0,0,0,0,0,0,0,0,0,0,0,0,0,0,0,0,0,0,0,0,0,0,0,0,-53,0,0,-84,-53,0,0,0,0,0,0,20.667520993124143,-103.46432916820049
60,0,0,-76,0,0,0,0,0,0,0,0,0,0,0,0,0,-45,0,0,0,0,0,0,0,0,0,0,0,0,0,0,0,0,0,0,0,0,0,0,0,0,0,-53,0,0,0,-53,0,0,0,0,0,0,20.667520993124143,-103.46432916820049
61,0,0,-76,0,0,0,0,0,0,0,0,0,0,0,0,0,-44,0,0,0,0,0,0,0,0,0,0,0,0,0,0,0,0,0,0,0,0,0,0,0,0,0,-53,0,0,0,-53,0,0,0,0,0,0,20.667520993124143,-103.46432916820049
62,0,0,-78,0,0,0,0,-91,0,-91,0,0,0,0,0,0,-42,0,0,0,0,0,0,0,0,0,0,-93,0,0,0,0,0,0,0,0,0,0,0,0,0,0,-58,0,-89,0,-56,0,0,0,0,0,0,20.66754922604784,-103.46433855593204
63,0,0,-78,0,0,0,0,-91,0,0,0,0,0,0,0,0,-42,0,0,0,0,0,0,0,0,0,0,-93,0,0,0,0,0,0,0,0,0,0,0,0,0,0,-58,0,-89,0,-56,0,0,0,0,0,0,20.66754922604784,-103.46433855593204
64,0,0,-78,0,0,0,0,-91,0,0,0,0,0,0,0,0,-44,0,0,0,0,0,0,0,0,0,0,-93,0,0,0,0,0,0,0,0,0,0,0,0,0,0,-58,0,-89,0,-56,0,0,0,0,0,0,20.66754922604784,-103.46433855593204
65,0,0,-74,0,0,0,-83,-91,0,0,0,0,0,0,0,0,-45,0,0,0,0,0,0,0,0,0,0,-93,0,0,0,0,0,0,0,0,0,0,0,0,0,0,-55,0,-89,-75,-55,0,0,0,0,0,0,20.66754922604784,-103.46433855593204
66,0,0,-74,0,0,0,-83,-91,0,0,0,0,0,0,0,0,-46,0,0,0,0,0,0,0,0,0,0,0,0,0,0,0,0,0,0,0,0,0,0,0,0,0,-55,0,-89,-75,-55,0,0,0,0,0,0,20.66754922604784,-103.46433855593204
67,0,0,-74,0,0,0,-83,-91,0,0,0,0,0,0,0,0,-47,0,0,0,0,0,0,0,0,0,0,0,0,0,0,0,0,0,0,0,0,0,0,0,0,0,-55,0,-89,-75,-55,0,0,0,0,0,0,20.66754922604784,-103.46433855593204
68,0,0,-73,0,0,0,-84,-91,0,0,0,0,0,0,0,0,-47,0,0,0,0,0,0,0,0,0,0,0,0,0,0,0,-83,0,0,0,0,0,0,0,0,0,-53,0,-89,-74,-55,0,0,0,0,0,0,20.66754922604784,-103.46433855593204
69,0,0,-73,0,0,0,-84,0,0,0,0,0,0,0,0,0,-46,0,0,0,0,0,0,0,0,0,0,0,0,0,0,0,-83,0,0,0,0,0,0,0,0,0,-53,0,0,-74,-55,0,0,0,0,0,0,20.66754922604784,-103.46433855593204
70,0,0,-73,0,0,0,-84,0,0,0,0,0,0,0,0,0,-45,0,0,0,0,0,0,0,0,0,0,0,0,0,0,0,-83,0,0,0,0,0,0,0,0,0,-53,0,0,-74,-55,0,0,0,0,0,0,20.66754922604784,-103.46433855593204
71,0,0,-71,0,0,0,-81,0,0,0,0,0,0,0,0,0,-45,0,0,0,0,0,0,0,0,0,0,0,0,0,0,0,-83,0,0,0,0,0,0,0,0,0,-56,0,-86,-71,-55,0,0,0,0,0,0,20.66754922604784,-103.46433855593204
72,0,0,-71,0,0,0,-81,0,0,0,0,0,0,0,0,0,-45,0,0,0,0,0,0,0,0,0,0,0,0,0,0,0,-83,0,0,0,0,0,0,0,0,0,-56,0,-86,-71,-55,0,0,0,0,0,0,20.66754922604784,-103.46433855593204
73,0,0,-70,0,0,0,-85,0,0,0,0,0,0,0,0,0,-50,0,0,0,0,0,0,0,0,0,0,0,0,0,0,0,0,0,0,0,0,0,0,0,0,0,-48,0,0,-72,-53,0,0,0,0,0,0,20.667549539746965,-103.4643630310893
74,0,0,-70,0,0,0,0,0,0,0,0,0,0,0,0,0,-50,0,0,0,0,0,0,0,0,0,0,0,0,0,0,0,0,0,0,0,0,0,0,0,0,0,-48,0,0,-72,-53,0,0,0,0,0,0,20.667549539746965,-103.4643630310893
75,0,-92,-74,0,0,0,-78,-92,0,0,0,0,0,0,0,0,-52,0,0,0,0,0,0,0,0,0,0,0,0,0,0,0,0,0,0,0,0,0,0,0,0,0,-48,0,0,-75,-53,0,0,0,0,0,0,20.667549539746965,-103.4643630310893
76,0,-92,-74,0,0,0,-78,-92,0,0,0,0,0,0,0,0,-52,0,0,0,0,0,0,0,0,0,0,0,0,0,0,0,0,0,0,0,0,0,0,0,0,0,-48,0,0,-75,-53,0,0,0,0,0,0,20.667549539746965,-103.4643630310893
77,0,-92,-74,0,0,0,-78,-92,0,0,0,0,0,0,0,0,-50,0,0,0,0,0,0,0,0,0,0,0,0,0,0,0,0,0,0,0,0,0,0,0,0,0,-48,0,0,-75,-53,0,0,0,0,0,0,20.667549539746965,-103.4643630310893
78,0,-92,-70,0,0,0,-78,-92,0,0,0,0,0,0,0,0,-50,0,0,0,0,0,0,0,0,0,0,0,0,0,0,0,0,0,0,0,0,0,0,0,0,0,-54,0,0,-77,-57,0,0,0,0,0,0,20.667549539746965,-103.4643630310893
79,0,-92,-70,0,0,0,-78,-92,0,0,0,0,0,0,0,0,-50,0,0,0,0,0,0,0,0,0,0,0,0,0,0,0,0,0,0,0,0,0,0,0,0,0,-54,0,0,-77,-57,0,0,0,0,0,0,20.667549539746965,-103.4643630310893
80,0,-92,-70,0,0,0,-78,-92,0,0,0,0,0,0,0,0,-49,0,0,0,0,0,0,0,0,0,0,0,0,0,0,0,0,0,0,0,0,0,0,0,0,0,-54,0,0,-77,-57,0,0,0,0,0,0,20.667549539746965,-103.4643630310893
81,0,-92,-72,0,0,0,-77,-92,0,0,0,0,0,0,0,0,-49,0,0,0,0,0,0,0,0,0,0,0,-92,0,0,0,0,0,0,0,0,0,0,0,0,0,-53,0,-91,-75,-57,0,0,0,0,0,0,20.667549539746965,-103.4643630310893
82,0,0,-72,0,0,0,-77,0,0,0,0,0,0,0,0,0,-49,0,0,0,0,0,0,0,0,0,0,0,-92,0,0,0,0,0,0,0,0,0,0,0,0,0,-53,0,-91,-75,-57,0,0,0,0,0,0,20.667549539746965,-103.4643630310893
83,0,0,-63,0,0,0,-78,0,0,0,0,0,0,0,0,0,-55,0,0,0,0,0,0,0,0,0,0,0,0,0,0,0,0,0,0,0,0,0,0,0,0,0,-44,0,0,-72,-64,0,0,0,0,0,0,20.66754703015397,-103.46438717097044
84,0,0,-63,0,0,0,-78,0,0,0,0,0,0,0,0,0,-55,0,0,0,0,0,0,0,0,0,0,0,0,0,0,0,0,0,0,0,0,0,0,0,0,0,-44,0,0,-72,-64,0,0,0,0,0,0,20.66754703015397,-103.46438717097044
85,0,0,-71,0,0,0,-78,0,0,0,0,0,0,0,0,0,-55,0,0,0,0,0,0,0,0,0,0,0,0,-88,0,0,0,0,0,0,0,-92,0,0,0,0,-43,0,0,-70,-64,0,0,0,0,0,0,20.66754703015397,-103.46438717097044
86,0,0,-71,0,0,0,-78,0,0,0,0,0,0,0,0,0,-56,0,0,0,0,0,0,0,0,0,0,0,0,-88,0,0,0,0,0,0,0,-92,0,0,0,0,-43,0,0,-70,-64,0,0,0,0,0,0,20.66754703015397,-103.46438717097044
87,0,0,-71,0,0,0,-78,0,0,0,0,0,0,0,0,0,-56,0,0,0,0,0,0,0,0,0,0,0,0,-88,0,0,0,0,0,0,0,-92,0,0,0,0,-43,0,0,-70,-64,0,0,0,0,0,0,20.66754703015397,-103.46438717097044
88,0,0,-64,0,0,0,-78,-91,0,0,0,0,0,0,0,0,-55,0,0,0,0,0,0,0,0,0,0,0,0,-88,0,0,0,0,0,0,0,-93,0,0,0,0,-44,0,0,-70,-61,0,0,0,0,0,0,20.66754703015397,-103.46438717097044
89,0,0,-64,0,0,0,0,-91,0,0,0,0,0,0,0,0,-55,0,0,0,0,0,0,0,0,0,0,0,0,-88,0,0,0,0,0,0,0,-93,0,0,0,0,-44,0,0,-70,-61,0,0,0,0,0,0,20.66754703015397,-103.46438717097044
90,0,0,-64,0,0,0,0,-91,0,0,0,0,0,0,0,0,-56,0,0,0,0,0,0,0,0,0,0,0,0,-88,0,0,0,0,0,0,0,-93,0,0,0,0,-44,0,0,-70,-61,0,0,0,0,0,0,20.66754703015397,-103.46438717097044
91,0,0,-72,0,0,0,0,-92,-93,0,0,0,0,0,0,0,-57,0,0,0,0,0,0,0,0,0,0,0,0,-88,0,0,0,0,-93,0,0,-93,0,0,0,0,-44,0,-93,-71,-59,0,0,0,0,0,0,20.66754703015397,-103.46438717097044
92,0,0,-72,0,0,0,0,-92,-93,0,0,0,0,0,0,0,-57,0,0,0,0,0,0,0,0,0,0,0,0,0,0,0,0,0,-93,0,0,-93,0,0,0,0,-44,0,-93,-71,-59,0,0,0,0,0,0,20.66754703015397,-103.46438717097044
93,0,0,-72,0,0,0,0,-92,-93,0,0,0,0,0,0,0,-58,0,0,0,0,0,0,0,0,0,0,0,0,0,0,0,0,0,-93,0,0,-93,0,0,0,0,-44,0,-93,-71,-59,0,0,0,0,0,0,20.66754703015397,-103.46438717097044
94,0,0,-65,0,0,0,-74,0,0,0,0,0,0,0,0,0,-59,0,0,0,0,-83,0,0,0,0,0,0,0,0,0,-95,0,-93,0,0,0,-93,0,0,0,0,-46,0,0,-74,-65,0,0,0,0,0,0,20.667544206861784,-103.46441499888897
95,0,0,-65,0,0,0,-74,0,0,0,0,0,0,0,0,0,-59,0,0,0,0,-83,0,0,0,0,0,0,0,0,0,-95,0,-93,0,0,0,0,0,0,0,0,-46,0,0,-74,-65,0,0,0,0,0,0,20.667544206861784,-103.46441499888897
96,0,0,-65,0,0,0,-74,0,0,0,0,0,0,0,0,0,-62,0,0,0,0,-83,0,0,0,0,0,0,0,0,0,-95,0,-93,0,0,0,0,0,0,0,0,-46,0,0,-74,-65,0,0,0,0,0,0,20.667544206861784,-103.46441499888897
97,0,0,-64,0,-92,0,-74,-94,0,0,0,0,0,0,0,0,-62,0,0,0,-82,-84,0,0,0,0,0,0,0,0,0,-95,0,-93,0,0,0,0,0,0,0,0,-47,0,0,-70,-60,0,0,0,0,0,0,20.667544206861784,-103.46441499888897
98,0,0,-64,0,-92,0,-74,-94,0,0,0,0,0,0,0,0,-63,0,0,0,-82,-84,0,0,0,0,0,0,0,0,0,-95,0,-93,0,0,0,0,0,0,0,0,-47,0,0,-70,-60,0,0,0,0,0,0,20.667544206861784,-103.46441499888897
99,0,0,-64,0,-92,0,-74,-94,0,0,0,0,0,0,0,0,-64,0,0,0,-82,-84,0,0,0,0,0,0,0,0,0,-95,0,-93,0,0,0,0,0,0,0,0,-47,0,0,-70,-60,0,0,0,0,0,0,20.667544206861784,-103.46441499888897
100,0,0,-64,0,-92,0,-77,-94,0,0,0,0,0,0,0,0,-63,0,0,0,-82,-84,0,0,0,0,0,0,0,0,0,-95,0,-93,-91,0,0,0,0,0,0,0,-48,0,0,-68,-60,0,0,0,0,0,0,20.667544206861784,-103.46441499888897
101,0,0,-64,0,-92,0,-77,-94,0,0,0,0,0,0,0,0,-63,0,0,0,-82,-84,0,0,0,0,0,0,0,0,0,0,0,0,-91,0,0,0,0,0,0,0,-48,0,0,-68,-60,0,0,0,0,0,0,20.667544206861784,-103.46441499888897
102,0,0,-64,0,-92,0,-77,-94,0,0,0,0,0,0,0,0,-63,0,0,0,-82,-84,0,0,0,0,0,0,0,0,0,0,0,0,-91,0,0,0,0,0,0,0,-48,0,0,-68,-60,0,0,0,0,0,0,20.667544206861784,-103.46441499888897
103,0,0,-66,0,-92,0,-77,-94,0,0,0,0,0,0,0,0,-63,0,0,-87,-82,-84,0,0,0,0,0,0,0,0,0,0,-94,0,-91,0,0,0,0,0,0,0,-47,0,0,-63,-58,0,0,0,0,0,0,20.667544206861784,-103.46441499888897
104,0,0,-66,0,0,0,-77,0,0,0,0,0,0,0,0,0,-63,0,0,-87,-82,0,0,0,0,0,0,0,0,0,0,0,-94,0,-91,0,0,0,0,0,0,0,-47,0,0,-63,-58,0,0,0,0,0,0,20.667544206861784,-103.46441499888897
105,0,0,-72,0,0,0,0,0,0,0,0,0,0,0,0,0,-64,0,0,0,0,0,0,0,0,0,0,0,0,-85,0,0,0,0,0,0,0,0,0,0,0,0,-52,0,0,-72,-63,0,0,0,0,0,0,20.66754106987042,-103.46444215625525
106,0,0,-65,0,0,0,0,0,0,0,0,0,0,0,0,0,-59,0,0,0,-78,0,0,0,0,0,0,0,0,-81,0,0,0,0,-91,0,0,0,0,0,0,0,-44,0,0,-65,-63,0,0,0,0,0,0,20.66754106987042,-103.46444215625525
107,0,0,-65,0,0,0,0,0,0,0,0,0,0,0,0,0,-59,0,0,0,-78,0,0,0,0,0,0,0,0,-81,0,0,0,0,-91,0,0,0,0,0,0,0,-44,0,0,-65,-63,0,0,0,0,0,0,20.66754106987042,-103.46444215625525
108,0,0,-65,0,0,0,0,0,0,0,0,0,0,0,0,0,-60,0,0,0,-78,0,0,0,0,0,0,0,0,-81,0,0,0,0,-91,0,0,0,0,0,0,0,-44,0,0,-65,-63,0,0,0,0,0,0,20.66754106987042,-103.46444215625525
109,0,0,-61,0,-85,0,0,0,0,0,0,0,0,0,0,0,-60,0,0,-80,-78,-80,0,0,-82,0,0,0,0,-78,0,0,0,0,-90,0,0,0,0,0,0,0,-44,0,0,-73,-62,0,0,0,0,0,0,20.66754106987042,-103.46444215625525
110,0,0,-61,0,-85,0,0,0,0,0,0,0,0,0,0,0,-60,0,0,-80,-78,-80,0,0,-82,0,0,0,0,-78,0,0,0,0,-90,0,0,0,0,0,0,0,-44,0,0,-73,-62,0,0,0,0,0,0,20.66754106987042,-103.46444215625525
111,0,0,-61,0,-85,0,0,0,0,0,0,0,0,0,0,0,-61,0,0,-80,-78,-80,0,0,-82,0,0,0,0,-78,0,0,0,0,-90,0,0,0,0,0,0,0,-44,0,0,-73,-62,0,0,0,0,0,0,20.66754106987042,-103.46444215625525
112,0,0,-60,0,-83,0,0,0,0,0,0,0,0,0,0,0,-61,0,0,-80,-78,-80,0,0,-82,0,0,0,0,-79,0,0,0,0,-90,0,0,0,0,0,0,0,-44,0,0,-73,-62,0,0,0,0,0,0,20.66754106987042,-103.46444215625525
113,0,0,-60,0,-83,0,0,0,0,0,0,0,0,0,0,0,-61,0,0,-80,0,-80,0,0,-82,0,0,0,0,-79,0,0,0,0,-90,0,0,0,0,0,0,0,-44,0,0,-73,-62,0,0,0,0,0,0,20.66754106987042,-103.46444215625525
114,0,0,-60,0,-83,0,0,0,0,0,0,0,0,0,0,0,-61,0,0,-80,0,-80,0,0,-82,0,0,0,0,-79,0,0,0,0,-90,0,0,0,0,0,0,0,-44,0,0,-73,-62,0,0,0,0,0,0,20.66754106987042,-103.46444215625525
115,0,0,-60,0,-84,0,0,0,0,0,0,0,0,0,0,0,-61,0,0,-80,-82,-80,0,0,-82,0,0,0,0,-79,0,0,0,0,-90,0,0,0,0,0,0,0,-42,0,0,-61,-62,0,0,0,0,0,0,20.66754106987042,-103.46444215625525
116,0,0,-60,0,-84,0,0,0,0,0,0,0,0,0,0,0,-61,0,0,-80,-82,-80,0,0,-82,0,0,0,0,-79,0,0,0,0,-90,0,0,0,0,0,0,0,-42,0,0,-61,-62,0,0,0,0,0,0,20.66754106987042,-103.46444215625525
117,0,0,-62,0,-91,0,0,-92,0,0,0,0,0,0,-89,0,-60,0,0,0,0,0,0,0,0,0,0,0,0,-80,-95,0,0,0,-87,0,0,0,0,0,0,-90,-47,0,0,-64,-67,0,0,0,0,0,0,20.66751942462823,-103.46445389091969
118,0,0,-62,0,-91,0,0,0,0,0,0,0,0,0,-89,0,-62,0,0,0,0,0,0,0,0,0,0,0,0,-80,-95,0,0,0,-87,0,0,0,0,0,0,0,-47,0,0,-64,-67,0,0,0,0,0,0,20.66751942462823,-103.46445389091969
119,0,0,-62,0,-91,0,0,0,0,0,0,0,0,0,-89,0,-60,0,0,0,0,0,0,0,0,0,0,0,0,-80,-95,0,0,0,-87,0,0,0,0,0,0,0,-47,0,0,-64,-67,0,0,0,0,0,0,20.66751942462823,-103.46445389091969
120,0,0,-60,0,-91,0,0,0,0,0,0,0,0,0,-89,0,-59,0,0,0,0,-92,0,0,0,0,0,0,0,-79,-95,0,0,0,-87,0,0,0,0,0,0,0,-47,0,0,-68,-62,-94,0,0,0,0,0,20.66751942462823,-103.46445389091969
121,0,0,-60,0,-91,0,0,0,0,0,0,0,0,0,0,0,-59,0,0,0,0,-92,0,0,0,0,0,0,0,-79,-95,0,0,0,-87,0,0,0,0,0,0,0,-47,0,0,-68,-62,-94,0,0,0,0,0,20.66751942462823,-103.46445389091969
122,0,0,-60,0,-91,0,0,0,0,0,0,0,0,0,0,0,-59,0,0,0,0,-92,0,0,0,0,0,0,0,-79,-95,0,0,0,-87,0,0,0,0,0,0,0,-47,0,0,-68,-62,-94,0,0,0,0,0,20.66751942462823,-103.46445389091969
123,0,0,-62,0,-91,0,0,-94,0,0,0,0,0,0,0,0,-59,0,0,0,-82,-92,0,0,-84,0,0,0,0,-79,-95,0,0,0,-87,0,0,0,0,0,0,0,-48,0,0,-68,-61,-94,0,0,0,0,0,20.66751942462823,-103.46445389091969
124,0,0,-62,0,0,0,0,-94,0,0,0,0,0,0,0,0,-59,0,0,0,-82,-92,0,0,-84,0,0,0,0,-79,0,0,0,0,0,0,0,0,0,0,0,0,-48,0,0,-68,-61,-94,0,0,0,0,0,20.66751942462823,-103.46445389091969
125,0,0,-62,0,0,0,0,-94,0,0,0,0,0,0,0,0,-57,0,0,0,-82,-92,0,0,-84,0,0,0,0,-79,0,0,0,0,0,0,0,0,0,0,0,0,-48,0,0,-68,-61,-94,0,0,0,0,0,20.66751942462823,-103.46445389091969
126,0,0,-62,0,0,0,0,-94,0,0,0,0,0,0,0,0,-57,0,0,0,-82,-92,0,0,-84,0,0,0,0,-79,0,0,0,0,0,0,0,0,0,0,0,0,-49,0,0,-68,-61,-94,0,0,0,0,0,20.66751942462823,-103.46445389091969
127,0,0,-62,0,0,0,0,-94,0,0,0,0,0,0,0,0,-57,0,0,0,-82,-92,0,0,-84,0,0,0,0,-79,0,0,0,0,0,0,0,0,0,0,0,0,-49,0,0,-68,-61,-94,0,0,0,0,0,20.66751942462823,-103.46445389091969
128,0,0,-68,0,-91,0,-83,-94,0,0,0,0,0,0,0,0,-46,0,0,0,0,0,0,0,0,0,0,0,0,0,0,0,0,0,0,0,0,0,0,0,0,0,-55,0,0,-79,-57,0,0,0,0,0,0,20.667516915034728,-103.46435632556677
129,0,0,-68,0,-91,0,-83,-94,0,0,0,0,0,0,0,0,-47,0,0,0,0,0,0,0,0,0,0,0,0,0,0,0,0,0,0,0,0,0,0,0,0,0,-55,0,0,-79,-57,0,0,0,0,0,0,20.667516915034728,-103.46435632556677
130,0,0,-68,0,-91,0,-83,-94,0,0,0,0,0,0,0,0,-48,0,0,0,0,0,0,0,0,0,0,0,0,0,0,0,0,0,0,0,0,0,0,0,0,0,-55,0,0,-79,-57,0,0,0,0,0,0,20.667516915034728,-103.46435632556677
131,0,0,-72,0,-91,0,-83,-94,0,0,0,0,0,0,0,0,-47,0,0,0,0,0,0,0,0,0,0,0,0,0,0,0,0,0,0,0,0,0,0,0,0,0,-50,0,0,-77,-59,0,0,0,0,0,0,20.667516915034728,-103.46435632556677
132,0,0,-72,0,0,0,-83,-94,0,0,0,0,0,0,0,0,-47,0,0,0,0,0,0,0,0,0,0,0,0,0,0,0,0,0,0,0,0,0,0,0,0,0,-50,0,0,-77,-59,0,0,0,0,0,0,20.667516915034728,-103.46435632556677
133,0,0,-72,0,0,0,-83,-94,0,0,0,0,0,0,0,0,-46,0,0,0,0,0,0,0,0,0,0,0,0,0,0,0,0,0,0,0,0,0,0,0,0,0,-50,0,0,-77,-59,0,0,0,0,0,0,20.667516915034728,-103.46435632556677
134,0,0,-72,0,0,0,-84,-94,0,0,0,0,0,0,0,-92,-46,0,0,0,0,0,0,0,0,0,0,0,0,0,0,0,0,0,0,0,0,0,0,0,0,0,-52,0,0,-77,-52,0,0,0,0,0,0,20.667516915034728,-103.46435632556677
135,0,0,-72,0,0,0,-84,0,0,0,0,0,0,0,0,-92,-47,0,0,0,0,0,0,0,0,0,0,0,0,0,0,0,0,0,0,0,0,0,0,0,0,0,-52,0,0,-77,-52,0,0,0,0,0,0,20.667516915034728,-103.46435632556677
136,0,0,-72,0,0,0,-84,0,0,0,0,0,0,0,0,-92,-48,0,0,0,0,0,0,0,0,0,0,0,0,0,0,0,0,0,0,0,0,0,0,0,0,0,-52,0,0,-77,-52,0,0,0,0,0,0,20.667516915034728,-103.46435632556677
137,0,0,-71,0,0,0,-84,0,-89,0,0,0,0,0,0,-92,-48,0,0,0,0,0,0,0,0,0,0,0,0,0,0,0,0,0,0,0,0,0,0,0,0,0,-52,0,0,-85,-51,0,0,0,0,0,0,20.667516915034728,-103.46435632556677
138,0,0,-71,0,0,0,-84,0,-89,0,0,0,0,0,0,-92,-48,0,0,0,0,0,0,0,0,0,0,0,0,0,0,0,0,0,0,0,0,0,0,0,0,0,-52,0,0,-85,-51,0,0,0,0,0,0,20.667516915034728,-103.46435632556677
139,0,0,-73,0,-93,0,-88,0,0,0,0,0,0,0,0,0,-53,0,0,0,0,0,0,0,0,0,0,0,0,-92,0,0,0,0,0,0,0,0,0,0,0,0,-54,0,0,0,-53,0,0,0,0,0,0,20.667511582148403,-103.46438717097044
140,0,0,-73,0,-93,0,-88,0,0,0,0,0,0,0,0,0,-53,0,0,0,0,0,0,0,0,0,0,0,0,-92,0,0,0,0,0,0,0,0,0,0,0,0,-54,0,0,0,-53,0,0,0,0,0,0,20.667511582148403,-103.46438717097044
141,0,0,-67,0,-93,0,-88,-90,0,0,0,0,0,0,0,0,-54,0,0,0,0,0,0,0,0,0,0,0,0,-92,0,0,0,0,0,0,0,0,0,0,0,0,-52,0,0,0,-53,0,0,0,0,0,0,20.667511582148403,-103.46438717097044
142,0,0,-67,0,-93,0,-88,-90,0,0,0,0,0,0,0,0,-54,0,0,0,0,0,0,0,0,0,0,0,0,-92,0,0,0,0,0,0,0,0,0,0,0,0,-52,0,0,0,-53,0,0,0,0,0,0,20.667511582148403,-103.46438717097044
143,0,0,-67,0,0,0,-88,-90,0,0,0,0,0,0,0,0,-53,0,0,0,0,0,0,0,0,0,0,0,0,0,0,0,0,0,0,0,0,0,0,0,0,0,-52,0,0,0,-53,0,0,0,0,0,0,20.667511582148403,-103.46438717097044
144,0,0,-67,0,-88,0,-84,-90,0,0,0,0,0,0,0,0,-51,0,0,0,0,0,0,0,0,0,0,0,0,0,0,0,0,0,0,0,0,0,0,0,0,0,-52,0,-89,-76,-65,0,0,0,0,0,0,20.667511582148403,-103.46438717097044
145,0,0,-67,0,-88,0,-84,-90,0,0,0,0,0,0,0,0,-52,0,0,0,0,0,0,0,0,0,0,0,0,0,0,0,0,0,0,0,0,0,0,0,0,0,-52,0,-89,-76,-65,0,0,0,0,0,0,20.667511582148403,-103.46438717097044
146,0,0,-67,0,-88,0,-84,-90,0,0,0,0,0,0,0,0,-54,0,0,0,0,0,0,0,0,0,0,0,0,0,0,0,0,0,0,0,0,0,0,0,0,0,-52,0,-89,-76,-65,0,0,0,0,0,0,20.667511582148403,-103.46438717097044
147,0,0,-67,0,-88,0,-81,-93,-88,0,0,0,0,0,0,0,-52,0,0,0,0,0,0,0,0,0,0,0,0,0,0,0,0,0,0,0,0,0,0,0,0,0,-52,0,-92,-79,-59,0,0,0,0,0,0,20.667511582148403,-103.46438717097044
148,0,0,-67,0,-88,0,-81,-93,-88,0,0,0,0,0,0,0,-53,0,0,0,0,0,0,0,0,0,0,0,0,0,0,0,0,0,0,0,0,0,0,0,0,0,-52,0,-92,-79,-59,0,0,0,0,0,0,20.667511582148403,-103.46438717097044
149,0,0,-67,0,-88,0,-81,-93,-88,0,0,0,0,0,0,0,-58,0,0,0,0,0,0,0,0,0,0,0,0,0,0,0,0,0,0,0,0,0,0,0,0,0,-52,0,-92,-79,-59,0,0,0,0,0,0,20.667511582148403,-103.46438717097044
150,0,0,-64,0,0,0,0,-95,0,0,0,0,0,0,0,0,-56,0,0,0,0,0,0,0,0,-85,0,0,0,0,0,0,0,0,-88,0,0,0,0,0,0,0,-49,0,-90,-74,-61,0,0,0,0,0,0,20.667507504058737,-103.46441399306059
151,0,0,-64,0,0,0,0,-95,0,0,0,0,0,0,0,0,-56,0,0,0,0,0,0,0,0,-85,0,0,0,0,0,0,0,0,-88,0,0,0,0,0,0,0,-49,0,-90,-74,-61,0,0,0,0,0,0,20.667507504058737,-103.46441399306059
152,0,0,-64,0,0,0,0,-95,0,0,0,0,0,0,0,0,-57,0,0,0,0,0,0,0,0,-85,0,0,0,0,0,0,0,0,-88,0,0,0,0,0,0,0,-49,0,-90,-74,-61,0,0,0,0,0,0,20.667507504058737,-103.46441399306059
153,0,0,-68,0,-89,0,0,-87,0,0,0,0,0,0,0,0,-56,0,0,0,0,0,0,0,0,-85,0,0,0,0,0,0,0,0,-88,0,0,0,0,0,0,0,-46,0,-92,-70,-57,0,0,0,0,0,0,20.667507504058737,-103.46441399306059
154,0,0,-68,0,-89,0,0,-87,0,0,0,0,0,0,0,0,-56,0,0,0,0,0,0,0,0,-85,0,0,0,0,0,0,0,0,-88,0,0,0,0,0,0,0,-46,0,-92,-70,-57,0,0,0,0,0,0,20.667507504058737,-103.46441399306059
155,0,0,-68,0,-89,0,-80,-87,0,0,0,0,0,0,0,0,-56,0,0,-82,0,0,0,0,0,-85,0,0,0,0,0,0,0,0,-88,0,0,0,0,0,0,0,-45,0,-92,-71,-57,0,0,0,0,0,0,20.667507504058737,-103.46441399306059
156,0,0,-68,0,-89,0,-80,-87,0,0,0,0,0,0,0,0,-56,0,0,-82,0,0,0,0,0,0,0,0,0,0,0,0,0,0,-88,0,0,0,0,0,0,0,-45,0,-92,-71,-57,0,0,0,0,0,0,20.667507504058737,-103.46441399306059
157,0,0,-68,0,-89,0,-80,-87,0,0,0,0,0,0,0,0,-56,0,0,-82,0,0,0,0,0,0,0,0,0,0,0,0,0,0,0,0,0,0,0,0,0,0,-45,0,-92,-71,-57,0,0,0,0,0,0,20.667507504058737,-103.46441399306059
158,0,0,-63,0,-89,0,-80,-91,-90,0,0,0,0,0,0,0,-53,0,0,-82,0,0,0,0,0,0,0,0,0,0,0,-93,0,0,0,0,0,0,0,0,0,0,-47,0,-92,-71,-57,0,0,0,0,0,0,20.667507504058737,-103.46441399306059
159,0,0,-63,0,0,0,-80,-91,-90,0,0,0,0,0,0,0,-53,0,0,0,0,0,0,0,0,0,0,0,0,0,0,-93,0,0,0,0,0,0,0,0,0,0,-47,0,0,-71,-57,0,0,0,0,0,0,20.667507504058737,-103.46441399306059
160,0,0,-74,0,-90,0,-80,-91,-90,0,-91,0,0,0,0,0,-58,0,0,0,0,0,0,0,0,0,0,0,0,0,0,-93,0,0,0,0,0,0,0,0,0,-91,-50,0,-89,-71,-66,0,0,0,0,0,0,20.667507504058737,-103.46441399306059
161,0,0,-74,0,-90,0,-80,-91,-90,0,-91,0,0,0,0,0,-58,0,0,0,0,0,0,0,0,0,0,0,0,0,0,-93,0,0,0,0,0,0,0,0,0,-91,-50,0,-89,-71,-66,0,0,0,0,0,0,20.667586556238895,-103.46434693783522
162,0,0,-74,0,0,0,0,0,0,0,-91,0,0,0,0,0,-56,0,0,0,0,0,0,0,0,0,0,0,0,0,0,0,0,0,0,0,0,0,0,0,0,-91,-50,0,-89,0,-66,0,0,0,0,0,0,20.667586556238895,-103.46434693783522
163,0,0,-74,0,0,0,0,0,0,0,-91,0,0,0,0,0,-58,0,0,0,0,0,0,0,0,0,0,0,0,0,0,0,0,0,0,0,0,0,0,0,0,-91,-50,0,-89,0,-66,0,0,0,0,0,0,20.667586556238895,-103.46434693783522
164,0,0,-71,0,0,0,-83,0,0,0,-91,0,0,0,0,0,-57,0,0,0,0,0,0,0,0,0,0,0,0,0,0,0,0,0,0,0,0,0,0,0,0,-91,-48,-88,-89,-82,-66,0,0,0,0,0,0,20.667586556238895,-103.46434693783522
165,0,0,-71,0,0,0,-83,0,0,0,0,0,0,0,0,0,-55,0,0,0,0,0,0,0,0,0,0,0,0,0,0,0,0,0,0,0,0,0,0,0,0,0,-48,-88,0,-82,-66,0,0,0,0,0,0,20.667586556238895,-103.46434693783522
166,0,0,-71,0,0,0,-83,0,0,0,0,0,0,0,0,0,-55,0,0,0,0,0,0,0,0,0,0,0,0,0,0,0,0,0,0,0,0,0,0,0,0,0,-48,-88,0,-82,-66,0,0,0,0,0,0,20.667586556238895,-103.46434693783522
167,0,0,-73,0,0,0,-83,-93,0,0,0,0,0,0,0,0,-56,0,0,0,0,0,0,0,0,0,0,0,0,0,0,0,-87,0,0,0,0,0,0,0,0,0,-48,-88,-93,-82,-62,0,0,0,0,0,0,20.667586556238895,-103.46434693783522
168,0,0,-73,0,0,0,-83,-93,0,0,0,0,0,0,0,0,-55,0,0,0,0,0,0,0,0,0,0,0,0,0,0,0,-87,0,0,0,0,0,0,0,0,0,-48,-88,-93,-82,-62,0,0,0,0,0,0,20.667586556238895,-103.46434693783522
169,0,0,-73,0,0,0,-83,-93,0,0,0,0,0,0,0,0,-54,0,0,0,0,0,0,0,0,0,0,0,0,0,0,0,-87,0,0,0,0,0,0,0,0,0,-48,-88,-93,-82,-62,0,0,0,0,0,0,20.667586556238895,-103.46434693783522
170,0,0,-74,0,0,0,-81,-93,0,0,-89,0,0,0,0,0,-56,0,0,0,0,0,0,0,0,0,0,0,0,0,0,0,-87,0,0,0,0,0,0,0,0,0,-48,-88,-93,-82,-62,0,0,0,0,-92,0,20.667586556238895,-103.46434693783522
171,0,0,-71,0,0,0,-74,0,0,-92,0,0,0,0,0,0,-56,0,0,0,0,0,0,0,0,0,0,-80,0,0,-91,0,0,0,0,-90,0,-93,0,0,0,-92,-50,0,-83,-83,-60,0,0,0,0,0,0,20.667581537054076,-103.4643704071641
172,0,0,-71,0,0,0,-74,0,0,-92,0,0,0,0,0,0,-57,0,0,0,0,0,0,0,0,0,0,0,0,0,0,0,0,0,0,0,0,-93,0,0,0,0,-50,0,-83,-83,-60,0,0,0,0,0,0,20.667581537054076,-103.4643704071641
173,0,0,-71,0,0,0,-74,0,0,-92,0,0,0,0,0,0,-55,0,0,0,0,0,0,0,0,0,0,0,0,0,0,0,0,0,0,0,0,-93,0,0,0,0,-50,0,-83,-83,-60,0,0,0,0,0,0,20.667581537054076,-103.4643704071641
174,0,0,-73,0,0,0,-77,-88,0,-92,0,0,0,0,0,0,-54,0,0,0,0,0,0,0,0,0,0,0,0,0,0,0,0,0,0,0,0,-93,0,0,0,0,-50,0,-83,-83,-60,0,0,0,0,0,0,20.667581537054076,-103.4643704071641
175,0,0,-73,0,0,0,-77,-88,0,0,0,0,0,0,0,0,-55,0,0,0,0,0,0,0,0,0,0,0,0,0,0,0,0,0,0,0,0,-93,0,0,0,0,-50,0,0,0,-60,0,0,0,0,0,0,20.667581537054076,-103.4643704071641
176,0,0,-73,0,0,0,-77,-88,0,0,0,0,0,0,0,0,-57,0,0,0,0,0,0,0,0,0,0,0,0,0,0,0,0,0,0,0,0,-93,0,0,0,0,-50,0,0,0,-60,0,0,0,0,0,0,20.667581537054076,-103.4643704071641
177,0,-89,-73,0,0,0,-80,-89,0,0,0,0,0,0,0,0,-58,0,0,0,0,0,0,0,0,0,0,0,0,0,0,0,0,0,0,0,0,-93,0,0,0,0,-48,0,0,-80,-60,0,0,0,0,0,0,20.667581537054076,-103.4643704071641
178,0,-89,-73,0,0,0,-80,-89,0,0,0,0,0,0,0,0,-60,0,0,0,0,0,0,0,0,0,0,0,0,0,0,0,0,0,0,0,0,-93,0,0,0,0,-48,0,0,-80,-60,0,0,0,0,0,0,20.667581537054076,-103.4643704071641
179,0,-89,-73,0,0,0,-80,-89,0,0,0,0,0,0,0,0,-62,0,0,0,0,0,0,0,0,0,0,0,0,0,0,0,0,0,0,0,0,-93,0,0,0,0,-48,0,0,-80,-60,0,0,0,0,0,0,20.667581537054076,-103.4643704071641
180,0,-89,-69,0,0,0,-81,-89,0,0,-92,0,0,0,0,0,-62,0,0,0,0,0,0,0,0,0,0,0,0,0,0,0,0,0,0,0,0,-92,0,0,0,0,-47,0,0,-78,-62,0,0,0,0,0,0,20.667581537054076,-103.4643704071641
181,0,0,-66,0,0,0,-74,-86,0,0,0,0,0,0,0,0,-60,0,0,0,0,0,0,0,0,0,0,0,0,0,0,0,0,0,0,0,0,-86,0,0,0,0,-46,0,0,0,-57,0,0,0,0,0,0,20.66757651786909,-103.46438985317945
182,0,0,-66,0,0,0,-74,-86,0,0,0,0,0,0,0,0,-62,0,0,0,0,0,0,0,0,0,0,0,0,0,0,0,0,0,0,0,0,-86,0,0,0,0,-46,0,0,0,-57,0,0,0,0,0,0,20.66757651786909,-103.46438985317945
183,0,0,-66,0,0,0,-74,-86,0,0,0,0,0,0,0,0,-62,0,0,0,0,0,0,0,0,0,0,0,0,0,0,0,0,0,0,0,0,-86,0,0,0,0,-46,0,0,0,-57,0,0,0,0,0,0,20.66757651786909,-103.46438985317945
184,0,-94,-66,0,0,0,-78,-86,0,0,0,0,0,0,0,0,-60,0,0,0,0,0,0,0,0,0,0,0,0,0,0,0,0,0,0,0,0,-87,0,0,0,0,-45,0,0,-84,-63,0,0,0,0,0,0,20.66757651786909,-103.46438985317945
185,0,-94,-66,0,0,0,-78,-86,0,0,0,0,0,0,0,0,-59,0,0,0,0,0,0,0,0,0,0,0,0,0,0,0,0,0,0,0,0,-87,0,0,0,0,-45,0,0,-84,-63,0,0,0,0,0,0,20.66757651786909,-103.46438985317945
186,0,-94,-66,0,0,0,-78,-86,0,0,0,0,0,0,0,0,-55,0,0,0,0,0,0,0,0,0,0,0,0,0,0,0,0,0,0,0,0,-87,0,0,0,0,-45,0,0,-84,-63,0,0,0,0,0,0,20.66757651786909,-103.46438985317945
187,0,-94,-66,0,0,0,-78,-86,0,0,0,0,0,0,0,0,-54,0,0,0,0,0,0,0,0,0,0,0,0,0,0,0,0,0,0,0,0,-89,0,0,0,0,-45,0,0,-81,-63,0,0,0,0,0,0,20.66757651786909,-103.46438985317945
188,0,-94,-66,0,0,0,-78,0,0,0,0,0,0,0,0,0,-55,0,0,0,0,0,0,0,0,0,0,0,0,0,0,0,0,0,0,0,0,-89,0,0,0,0,-45,0,0,-81,-63,0,0,0,0,0,0,20.66757651786909,-103.46438985317945
189,0,-94,-66,0,0,0,-78,0,0,0,0,0,0,0,0,0,-58,0,0,0,0,0,0,0,0,0,0,0,0,0,0,0,0,0,0,0,0,-89,0,0,0,0,-45,0,0,-81,-63,0,0,0,0,0,0,20.66757651786909,-103.46438985317945
190,0,-94,-66,0,0,0,-74,-89,0,0,0,0,0,0,0,0,-61,0,0,0,0,-93,0,0,0,0,0,-93,0,0,0,0,0,0,0,0,0,-86,0,0,0,0,-45,0,0,-81,-58,0,0,0,0,0,0,20.66757651786909,-103.46438985317945
191,0,0,-78,0,-93,0,-74,-89,0,0,0,0,0,0,0,0,-51,0,0,0,0,-93,0,0,0,0,-93,-93,0,0,0,0,0,0,0,0,0,-86,-90,0,0,0,-63,0,0,-81,-63,0,0,0,0,0,0,20.66757651786909,-103.46438985317945
192,0,0,-78,0,-93,0,-74,-89,0,0,0,0,0,0,0,0,-51,0,0,0,0,-93,0,0,0,0,-93,-93,0,0,0,0,0,0,0,0,0,-86,-90,0,0,0,-63,0,0,-81,-63,0,0,0,0,0,0,20.66748334921771,-103.46441365778446
193,0,0,-80,-96,0,0,0,0,-95,0,0,0,0,0,0,0,-51,0,0,0,0,0,0,0,0,0,-96,0,0,0,0,0,-97,0,0,0,0,0,0,0,0,0,-65,-94,0,0,-62,-96,0,0,0,0,0,20.66748334921771,-103.46441365778446
194,0,0,-80,-96,0,0,0,0,-95,0,0,0,0,0,0,0,-51,0,0,0,0,0,0,0,0,0,-96,0,0,0,0,0,-97,0,0,0,0,0,0,0,0,0,-65,-94,0,0,-62,-96,0,0,0,0,0,20.66748334921771,-103.46441365778446
195,0,0,-81,0,0,-96,0,0,0,0,0,0,-95,0,0,0,-53,0,0,0,0,0,0,0,0,0,0,-95,0,0,0,0,0,0,0,0,0,0,0,0,0,0,-63,0,0,-91,-66,-98,0,0,0,0,0,20.66748334921771,-103.46441365778446
196,0,0,-81,-93,0,-97,0,0,0,-96,0,0,0,0,0,0,-52,0,0,0,0,0,0,0,0,0,-95,0,0,0,0,0,0,0,0,0,0,0,0,0,0,0,-63,0,0,0,-63,0,0,0,0,0,0,20.66748334921771,-103.46441365778446
197,0,0,-81,-93,0,-97,0,0,0,-96,0,0,0,0,0,0,-52,0,0,0,0,0,0,0,0,0,-95,0,0,0,0,0,0,0,0,0,0,0,0,0,0,0,-63,0,0,0,-63,0,0,0,0,0,0,20.66748334921771,-103.46441365778446
198,0,0,-79,0,0,-94,0,0,0,0,0,0,0,0,0,0,-56,0,0,0,0,0,0,0,0,0,0,0,0,0,0,0,0,0,0,0,0,0,0,0,0,0,-66,0,0,-87,-66,0,-98,0,0,0,0,20.66748334921771,-103.46441365778446
199,0,0,-80,0,-94,-94,0,0,0,-96,0,0,0,0,0,0,-54,0,0,0,0,0,0,0,0,0,0,-94,0,0,0,0,0,0,0,0,0,0,0,0,0,0,-62,0,0,-92,-63,0,-98,0,0,0,0,20.66748334921771,-103.46441365778446
200,0,0,-80,0,-94,-94,0,0,0,-96,0,0,0,0,0,0,-54,0,0,0,0,0,0,0,0,0,0,-94,0,0,0,0,0,0,0,0,0,0,0,0,0,0,-62,0,0,-92,-63,0,-98,0,0,0,0,20.66748334921771,-103.46441365778446
201,0,0,-80,0,0,0,-97,0,0,0,0,0,0,0,0,0,-54,0,0,0,0,0,0,0,0,0,0,0,0,0,0,0,0,0,0,0,0,0,0,0,0,0,-64,0,0,-90,-62,0,0,0,0,0,0,20.66748334921771,-103.46441365778446
202,0,0,-82,0,0,0,0,0,0,0,0,0,0,0,0,0,-60,0,0,0,0,0,0,0,0,0,0,-95,0,0,0,0,-94,0,0,-93,0,0,0,0,0,0,-61,0,0,-90,-60,-97,0,0,0,0,0,20.667487113608775,-103.46437007188797
203,0,0,-82,0,0,0,0,0,0,0,0,0,0,0,0,0,-60,0,0,0,0,0,0,0,0,0,0,-95,0,0,0,0,-94,0,0,-93,0,0,0,0,0,0,-61,0,0,-90,-60,-97,0,0,0,0,0,20.667487113608775,-103.46437007188797
204,0,0,-82,0,0,0,0,0,-94,0,0,0,0,0,0,0,-60,0,0,0,0,0,0,0,0,0,0,0,0,0,0,0,-92,0,0,-96,0,0,0,0,0,0,-59,-96,0,-91,-62,0,0,0,0,0,0,20.667487113608775,-103.46437007188797
205,0,0,-82,0,0,-98,0,0,-94,0,0,0,0,0,0,0,-59,0,0,0,0,0,0,0,0,0,0,0,0,0,0,0,-92,0,0,-96,0,0,-92,0,0,0,-62,-96,0,-88,-60,-95,0,0,0,0,0,20.667487113608775,-103.46437007188797
206,0,0,-82,0,0,-98,0,0,-94,0,0,0,0,0,0,0,-59,0,0,0,0,0,0,0,0,0,0,0,0,0,0,0,-92,0,0,-96,0,0,-92,0,0,0,-62,-96,0,-88,-60,-95,0,0,0,0,0,20.667487113608775,-103.46437007188797
207,0,0,-83,0,0,0,0,0,0,0,0,0,0,0,0,0,-63,0,0,0,0,0,0,0,0,0,0,-92,0,0,0,0,-94,0,0,0,0,0,0,0,0,0,-61,-95,0,-88,-63,0,0,0,0,0,0,20.667487113608775,-103.46437007188797
208,0,0,-82,0,0,-93,0,0,0,0,0,0,0,0,0,0,-63,0,0,0,0,0,0,0,0,0,0,-92,0,0,0,0,-94,0,0,0,0,0,0,0,0,0,-63,-93,0,-88,-63,-99,0,0,0,0,0,20.667487113608775,-103.46437007188797
209,0,0,-82,0,0,-93,0,0,0,0,0,0,0,0,0,0,-63,0,0,0,0,0,0,0,0,0,0,-92,0,0,0,0,-94,0,0,0,0,0,0,0,0,0,-63,-93,0,-88,-63,-99,0,0,0,0,0,20.667487113608775,-103.46437007188797
210,0,0,-83,0,0,-96,0,0,-93,0,0,0,0,0,0,0,-63,0,0,0,0,0,0,0,0,0,0,0,0,0,0,0,-93,0,0,0,0,0,0,0,0,0,-62,-94,0,0,-62,0,0,0,0,0,0,20.667487113608775,-103.46437007188797
211,0,0,-83,0,0,-96,0,0,-93,0,0,0,0,0,0,0,-63,0,0,0,0,0,0,0,0,0,0,0,0,0,0,0,-92,0,0,0,0,0,0,0,0,0,-63,-95,0,-91,-65,-96,0,0,0,0,0,20.667487113608775,-103.46437007188797
212,0,0,-85,0,0,0,0,0,0,-95,0,0,0,0,0,0,-59,0,0,0,0,0,0,0,0,0,0,-94,0,0,0,0,-98,0,0,0,0,0,0,0,0,0,-66,-95,0,-94,-55,0,0,0,0,0,0,20.667488054706535,-103.46434693783522
213,0,0,-84,0,0,-96,0,0,0,-101,0,0,0,0,0,0,-54,0,0,0,0,0,0,0,0,0,0,-98,0,0,0,0,0,0,0,0,0,0,0,0,0,0,-68,0,0,-92,-55,0,0,0,0,0,0,20.667488054706535,-103.46434693783522
214,0,0,-85,0,0,0,0,0,0,-98,0,0,0,0,0,0,-56,0,0,0,0,0,0,0,0,0,0,0,0,0,0,0,-98,0,0,0,0,0,0,0,0,0,-68,0,0,-93,-59,0,0,0,0,0,0,20.667488054706535,-103.46434693783522
215,0,0,-85,0,0,0,0,0,0,-98,0,0,0,0,0,0,-56,0,0,0,0,0,0,0,0,0,0,0,0,0,0,0,-98,0,0,0,0,0,0,0,0,0,-68,0,0,-93,-59,0,0,0,0,0,0,20.667488054706535,-103.46434693783522
216,0,0,-87,0,0,0,0,0,0,0,0,0,-99,0,0,0,-55,0,0,0,0,0,0,0,0,0,0,0,0,0,0,0,-95,0,0,0,0,0,-90,0,0,0,-70,0,0,-90,-50,0,0,-96,0,0,0,20.667488054706535,-103.46434693783522
217,0,0,-85,0,0,-96,-95,0,0,0,0,0,0,0,0,0,-53,0,0,0,0,0,0,0,0,0,0,-98,0,0,0,0,0,0,0,0,0,0,0,0,0,0,-70,0,0,-92,-52,0,0,0,0,0,0,20.667488054706535,-103.46434693783522
218,0,0,-85,0,0,-96,-95,0,0,0,0,0,0,0,0,0,-53,0,0,0,0,0,0,0,0,0,0,-98,0,0,0,0,0,0,0,0,0,0,0,0,0,0,-70,0,0,-92,-52,0,0,0,0,0,0,20.667488054706535,-103.46434693783522
219,0,0,-85,0,0,0,0,0,0,-96,0,0,0,0,0,0,-54,0,0,0,0,0,0,0,0,0,0,-92,0,0,0,0,0,0,0,0,0,0,0,0,0,0,-75,0,0,-95,-49,0,0,0,0,0,0,20.667488054706535,-103.46434693783522
220,0,0,-84,0,0,0,0,0,0,0,0,0,-97,0,0,0,-51,0,0,0,0,0,0,0,0,0,0,0,0,0,0,0,-93,0,0,0,0,0,0,0,0,0,-68,0,0,-90,-50,-98,0,0,0,0,0,20.667488054706535,-103.46434693783522
221,0,0,-84,0,0,0,0,0,0,0,0,0,-97,0,0,0,-51,0,0,0,0,0,0,0,0,0,0,0,0,0,0,0,-93,0,0,0,0,0,0,0,0,0,-68,0,0,-90,-50,-98,0,0,0,0,0,20.667488054706535,-103.46434693783522
222,0,0,-84,0,0,0,0,0,0,0,0,0,0,0,0,0,-56,0,0,0,0,0,0,0,0,0,0,0,0,0,0,0,-97,0,0,0,0,0,0,0,0,0,-66,0,0,-91,-56,-97,0,0,0,0,0,20.66749150539822,-103.46438851207495
223,0,0,-84,0,0,0,0,0,0,0,0,0,0,0,0,0,-56,0,0,0,0,0,0,0,0,0,0,0,0,0,0,0,-97,0,0,0,0,0,0,0,0,0,-66,0,0,-91,-56,-97,0,0,0,0,0,20.66749150539822,-103.46438851207495
224,0,0,-89,0,0,0,0,0,0,0,0,0,0,0,0,0,-57,0,0,0,0,0,0,0,0,0,0,-95,0,0,0,0,-96,0,0,0,0,0,0,0,0,0,-63,0,0,-92,-63,0,0,0,0,0,-98,20.66749150539822,-103.46438851207495
225,0,0,-90,0,0,-96,0,0,0,0,0,0,0,0,0,0,-58,0,0,0,0,0,0,0,0,0,0,-95,0,0,0,0,-96,0,0,0,0,0,-91,0,0,0,-64,-91,0,-92,-62,0,0,0,0,0,-98,20.66749150539822,-103.46438851207495
226,0,0,-90,0,0,-96,0,0,0,0,0,0,0,0,0,0,-58,0,0,0,0,0,0,0,0,0,0,-95,0,0,0,0,-96,0,0,0,0,0,-91,0,0,0,-64,-91,0,-92,-62,0,0,0,0,0,-98,20.66749150539822,-103.46438851207495
227,0,0,-90,0,0,-94,0,0,0,0,0,0,0,0,0,0,-60,0,0,0,0,0,0,0,0,0,0,-94,0,0,0,0,0,0,0,0,0,0,0,0,0,0,-64,-93,0,-91,-62,-95,-93,0,0,0,0,20.66749150539822,-103.46438851207495
228,0,0,-82,0,0,0,0,0,0,0,0,0,0,0,0,0,-55,0,0,0,0,0,0,0,0,0,-94,0,0,0,0,0,-93,0,0,0,0,0,-89,0,0,0,-67,-89,0,-91,-58,0,0,0,0,0,0,20.66749150539822,-103.46438851207495
229,0,0,-82,0,0,0,0,0,0,0,0,0,0,0,0,0,-55,0,0,0,0,0,0,0,0,0,-94,0,0,0,0,0,-93,0,0,0,0,0,-89,0,0,0,-67,-89,0,-91,-58,0,0,0,0,0,0,20.66749150539822,-103.46438851207495
230,0,0,-85,0,0,0,0,0,0,-99,0,0,0,0,0,0,-59,0,0,0,0,0,0,0,0,0,0,-96,0,0,0,0,0,0,0,0,0,0,0,0,0,0,-68,-93,0,-93,-60,-96,0,0,0,0,0,20.66749150539822,-103.46438851207495
231,0,0,-85,0,0,0,0,0,0,-99,0,0,0,0,0,0,-59,0,0,0,0,0,0,0,0,0,0,-92,0,0,0,0,-93,0,0,0,0,0,-90,0,0,0,-66,-89,0,-93,-61,-96,0,0,0,0,0,20.66749150539822,-103.46438851207495
232,0,0,-89,0,0,0,0,0,-94,0,0,0,0,0,0,0,-42,0,0,0,0,0,0,0,0,0,0,0,0,0,0,0,0,0,0,0,0,0,0,0,0,0,-73,0,0,-95,-51,0,0,0,0,0,0,20.667488368405778,-103.46433252096176
233,0,0,-85,0,0,0,0,0,0,0,0,0,0,0,0,0,-42,0,0,0,0,0,0,0,0,0,0,-96,0,0,0,0,0,0,0,0,0,0,0,0,0,0,-70,0,0,-95,-52,0,0,0,0,0,0,20.667488368405778,-103.46433252096176
234,0,0,-85,0,0,0,0,0,0,0,0,0,0,0,0,0,-42,0,0,0,0,0,0,0,0,0,0,-96,0,0,0,0,0,0,0,0,0,0,0,0,0,0,-70,0,0,-95,-52,0,0,0,0,0,0,20.667488368405778,-103.46433252096176
235,0,0,-87,0,0,0,0,0,0,0,0,0,-97,0,0,0,-42,0,0,0,0,0,0,0,0,0,0,0,0,0,0,0,0,0,0,0,0,0,0,0,0,0,-70,0,0,-93,-52,0,0,0,0,0,0,20.667488368405778,-103.46433252096176
236,0,0,-84,0,0,0,0,0,0,0,0,0,-97,0,0,0,-47,0,0,0,0,0,0,0,0,0,0,-94,0,0,0,0,0,0,0,0,0,0,0,0,0,0,-70,0,0,-91,-51,0,-97,0,0,0,0,20.667488368405778,-103.46433252096176
237,0,0,-84,0,0,0,0,0,0,0,0,0,-97,0,0,0,-47,0,0,0,0,0,0,0,0,0,0,-94,0,0,0,0,0,0,0,0,0,0,0,0,0,0,-70,0,0,-91,-51,0,-97,0,0,0,0,20.667488368405778,-103.46433252096176
238,0,0,-87,0,0,0,0,0,0,0,0,0,0,0,0,0,-42,0,0,0,0,0,0,0,0,0,0,0,0,0,0,0,0,0,0,0,0,0,-91,0,0,0,-70,0,0,-94,-51,0,0,0,0,0,0,20.667488368405778,-103.46433252096176
239,0,0,-89,0,0,0,0,0,0,0,0,0,0,0,0,0,-42,0,0,0,0,0,0,0,0,0,0,-92,0,0,0,0,0,0,0,0,0,0,-91,0,0,0,-72,0,0,-92,-49,0,0,0,0,0,0,20.667488368405778,-103.46433252096176
240,0,0,-89,0,0,0,0,0,0,0,0,0,0,0,0,0,-42,0,0,0,0,0,0,0,0,0,0,-92,0,0,0,0,0,0,0,0,0,0,-91,0,0,0,-72,0,0,-92,-49,0,0,0,0,0,0,20.667488368405778,-103.46433252096176
241,0,0,-87,0,0,0,0,0,0,0,0,0,0,0,0,0,-42,0,0,0,0,0,0,0,0,0,0,0,0,0,0,0,-95,0,0,0,0,0,-93,0,0,0,-73,0,0,0,-53,0,0,0,0,0,0,20.667488368405778,-103.46433252096176
242,0,0,-89,0,0,0,0,0,0,0,0,0,0,0,0,0,-57,0,0,0,0,0,0,0,0,0,0,-96,0,0,0,0,0,0,0,0,0,0,0,0,0,0,-80,-96,0,0,-45,0,0,0,0,0,0,20.6674937012929,-103.46431005746126
243,0,0,-84,0,0,0,0,0,0,0,0,0,0,0,0,0,-56,0,0,0,0,0,0,0,0,0,0,-96,0,0,0,0,-99,0,0,0,0,0,0,0,0,0,-78,-96,0,-97,-47,-94,0,0,0,0,0,20.6674937012929,-103.46431005746126
244,0,0,-84,0,0,0,0,0,0,0,0,0,0,0,0,0,-56,0,0,0,0,0,0,0,0,0,0,-96,0,0,0,0,-99,0,0,0,0,0,0,0,0,0,-78,-96,0,-97,-47,-94,0,0,0,0,0,20.6674937012929,-103.46431005746126
245,0,0,-91,0,0,-95,0,0,-95,-98,0,0,0,0,0,0,-55,0,0,0,0,0,0,0,0,0,0,-95,0,0,0,0,0,0,0,0,0,0,0,0,0,0,-78,0,0,0,-48,-91,0,0,0,0,0,20.6674937012929,-103.46431005746126
246,0,0,-88,0,0,-95,0,0,-95,-98,0,0,0,0,0,0,-57,0,0,0,0,0,0,0,0,0,0,-95,0,0,0,0,-92,0,0,0,0,0,-94,0,0,0,-77,0,0,0,-48,-91,0,0,0,0,0,20.6674937012929,-103.46431005746126
247,0,0,-88,0,0,-95,0,0,-95,-98,0,0,0,0,0,0,-57,0,0,0,0,0,0,0,0,0,0,-95,0,0,0,0,-92,0,0,0,0,0,-94,0,0,0,-77,0,0,0,-48,-91,0,0,0,0,0,20.6674937012929,-103.46431005746126
248,0,0,-88,0,-98,-98,0,0,0,0,0,0,0,0,0,0,-56,0,0,0,0,0,0,0,0,0,0,-97,0,0,0,0,0,0,0,0,0,0,0,0,0,0,-78,0,0,-94,-46,0,0,0,0,0,0,20.6674937012929,-103.46431005746126
249,0,0,-87,0,-98,-98,0,0,-96,0,0,0,0,0,0,0,-58,0,0,0,0,0,0,0,0,0,0,-97,0,0,0,0,-94,0,0,0,0,0,0,0,0,0,-76,-96,0,-94,-46,-94,0,0,0,0,0,20.6674937012929,-103.46431005746126
250,0,0,-87,0,-98,-98,0,0,-96,0,0,0,0,0,0,0,-58,0,0,0,0,0,0,0,0,0,0,-97,0,0,0,0,-94,0,0,0,0,0,0,0,0,0,-76,-96,0,-94,-46,-94,0,0,0,0,0,20.6674937012929,-103.46431005746126
251,0,0,-88,0,0,0,0,0,0,0,0,0,0,0,0,0,-58,0,0,0,0,0,0,0,0,0,0,-99,0,0,0,0,0,0,0,0,0,0,-91,0,0,0,-76,0,0,0,-45,0,0,0,0,0,0,20.6674937012929,-103.46431005746126
252,0,0,-82,0,0,0,0,0,-91,0,0,0,0,0,0,0,-63,0,0,0,0,0,0,0,0,0,0,-96,0,0,0,0,0,0,0,0,0,0,0,0,0,0,-67,0,0,-97,-50,0,0,0,0,0,0,20.667466095757472,-103.46430268138647
253,0,0,-82,0,0,0,0,0,-91,0,0,0,0,0,0,0,-63,0,0,0,0,0,0,0,0,0,0,-96,0,0,0,0,0,0,0,0,0,0,0,0,0,0,-67,0,0,-97,-50,0,0,0,0,0,0,20.667466095757472,-103.46430268138647
254,0,0,-83,0,-93,0,0,0,0,0,0,0,0,0,0,0,-54,0,0,0,0,0,0,0,0,0,0,-91,0,0,0,0,0,0,0,0,0,0,0,0,0,0,-68,0,0,-93,-49,-95,0,0,0,0,0,20.667466095757472,-103.46430268138647
255,0,0,-85,0,-91,0,0,0,0,0,0,0,0,-95,0,0,-61,0,0,0,0,0,0,0,0,0,0,0,0,0,0,0,0,0,0,0,0,0,0,0,0,0,-69,0,0,-89,-46,0,0,0,0,0,0,20.667466095757472,-103.46430268138647
256,0,0,-85,0,-91,0,0,0,0,0,0,0,0,-95,0,0,-61,0,0,0,0,0,0,0,0,0,0,0,0,0,0,0,0,0,0,0,0,0,0,0,0,0,-69,0,0,-89,-46,0,0,0,0,0,0,20.667466095757472,-103.46430268138647
257,0,0,-77,0,-93,0,0,0,-88,0,0,0,0,0,0,0,-57,0,0,0,0,0,0,0,0,0,0,-91,0,0,0,0,-95,0,0,0,0,0,0,0,0,0,-69,0,0,-87,-52,0,0,0,0,0,0,20.667466095757472,-103.46430268138647
258,0,0,-79,0,-90,0,0,0,-94,0,0,0,0,0,0,0,-58,0,0,0,0,0,0,0,0,0,0,-89,0,0,0,0,-90,0,0,0,0,0,-92,0,0,0,-68,0,0,-89,-50,0,0,0,0,0,0,20.667466095757472,-103.46430268138647
259,0,0,-79,0,-90,0,0,0,-94,0,0,0,0,0,0,0,-58,0,0,0,0,0,0,0,0,0,0,-89,0,0,0,0,-90,0,0,0,0,0,-92,0,0,0,-68,0,0,-89,-50,0,0,0,0,0,0,20.667466095757472,-103.46430268138647
260,0,0,-81,0,0,0,0,0,0,0,0,0,-95,0,0,0,-55,0,0,0,0,0,0,0,0,0,0,-94,0,0,0,0,0,0,0,0,0,0,0,0,0,0,-67,0,0,-94,-42,-96,0,0,0,0,0,20.667466095757472,-103.46430268138647
261,0,0,-80,0,0,0,0,0,-95,0,0,0,-95,0,0,0,-57,0,0,-94,0,0,0,0,0,0,0,-93,0,0,0,0,0,0,0,0,0,0,0,0,0,0,-69,0,0,-94,-45,-96,0,0,0,0,0,20.667466095757472,-103.46430268138647
262,0,0,-84,0,-93,0,0,0,0,0,0,0,-99,0,0,0,-51,0,0,0,0,0,0,0,0,0,0,0,0,0,0,0,-95,0,0,0,0,0,-92,0,0,0,-63,0,0,-90,-52,0,0,0,0,0,0,20.6674623313659,-103.46433117985725
263,0,0,-81,0,-94,0,0,0,0,0,0,0,0,0,0,0,-55,0,0,0,0,0,0,0,0,0,0,0,0,0,0,0,0,0,0,0,0,0,0,0,0,0,-63,0,0,0,-59,0,0,0,0,0,0,20.6674623313659,-103.46433117985725
264,0,0,-79,0,-92,0,0,0,0,0,0,0,0,0,0,0,-56,0,0,0,0,0,0,0,0,0,0,0,0,0,0,0,0,0,0,0,0,0,-91,0,0,0,-63,0,0,0,-56,0,0,0,0,0,0,20.6674623313659,-103.46433117985725
265,0,0,-79,0,-92,0,0,0,0,0,0,0,0,0,0,0,-56,0,0,0,0,0,0,0,0,0,0,0,0,0,0,0,0,0,0,0,0,0,-91,0,0,0,-63,0,0,0,-56,0,0,0,0,0,0,20.6674623313659,-103.46433117985725
266,0,0,-81,0,0,0,0,0,-93,0,0,0,0,0,0,0,-51,0,0,0,0,0,0,0,0,0,0,-97,0,0,0,0,-98,0,0,0,0,0,0,0,0,0,-64,-94,0,0,-58,0,0,0,0,0,0,20.6674623313659,-103.46433117985725
267,0,0,-80,0,0,0,0,0,-90,0,0,0,0,0,0,0,-55,0,0,0,0,0,0,0,0,0,0,-97,0,0,0,0,-97,0,0,0,0,0,0,0,0,0,-65,-94,0,-93,-59,-96,0,0,0,0,0,20.6674623313659,-103.46433117985725
268,0,0,-80,0,0,0,0,0,-90,0,0,0,0,0,0,0,-55,0,0,0,0,0,0,0,0,0,0,-97,0,0,0,0,-97,0,0,0,0,0,0,0,0,0,-65,-94,0,-93,-59,-96,0,0,0,0,0,20.6674623313659,-103.46433117985725
269,0,0,-85,0,-89,0,-96,0,-91,0,0,0,0,0,0,0,-54,0,0,0,0,0,0,0,0,0,0,-98,0,0,0,0,0,0,0,0,0,0,0,0,0,0,-65,0,0,-89,-60,0,0,0,0,0,0,20.6674623313659,-103.46433117985725
270,0,0,-80,0,-89,0,-96,0,-91,0,0,0,-95,0,0,0,-55,0,0,0,0,0,0,0,0,0,0,-94,0,0,0,0,-98,0,0,0,0,0,-91,0,0,0,-64,0,0,-89,-58,0,0,0,0,0,0,20.6674623313659,-103.46433117985725
271,0,0,-80,0,-89,0,-96,0,-91,0,0,0,-95,0,0,0,-55,0,0,0,0,0,0,0,0,0,0,-94,0,0,0,0,-98,0,0,0,0,0,-91,0,0,0,-64,0,0,-89,-58,0,0,0,0,0,0,20.6674623313659,-103.46433117985725
272,0,0,-81,0,0,0,0,0,-93,0,0,0,0,0,0,0,-56,0,0,0,0,0,0,0,0,0,0,-91,0,0,0,0,0,0,0,0,0,0,0,0,0,0,-64,-92,0,-90,-56,-98,0,0,0,0,0,20.667460135470773,-103.46434559673071
273,0,0,-81,0,0,0,0,0,-93,0,0,0,0,0,0,0,-56,0,0,0,0,0,0,0,0,0,0,-91,0,0,0,0,0,0,0,0,0,0,0,0,0,0,-64,-92,0,-90,-56,-98,0,0,0,0,0,20.667460135470773,-103.46434559673071
274,0,0,-81,0,-98,0,0,0,0,0,0,0,0,0,0,0,-53,0,0,0,0,0,0,0,0,0,0,-99,0,0,0,0,0,0,0,0,0,0,-94,0,0,0,-66,0,0,0,-62,0,0,0,0,0,0,20.667460135470773,-103.46434559673071
275,0,0,-83,0,-98,-97,0,0,0,0,0,0,0,0,0,0,-53,0,0,0,0,0,0,0,0,0,0,-99,0,0,0,0,0,0,0,0,0,0,-94,0,0,0,-66,0,0,-87,-62,0,0,0,0,0,0,20.667460135470773,-103.46434559673071
276,0,0,-83,0,-98,-97,0,0,0,0,0,0,0,0,0,0,-53,0,0,0,0,0,0,0,0,0,0,-99,0,0,0,0,0,0,0,0,0,0,-94,0,0,0,-66,0,0,-87,-62,0,0,0,0,0,0,20.667460135470773,-103.46434559673071
277,0,0,-81,0,-93,0,0,0,0,0,0,0,0,0,0,0,-51,0,0,0,0,0,0,0,0,0,0,-96,0,0,0,0,0,0,0,0,0,0,0,0,0,0,-65,0,0,-91,-62,0,0,0,0,0,0,20.667460135470773,-103.46434559673071
278,0,0,-83,0,-93,0,0,0,-94,0,0,0,0,0,0,0,-52,0,0,0,0,0,0,0,0,0,0,-95,0,0,0,0,-96,0,0,0,0,0,0,0,0,0,-65,-96,0,-87,-62,0,0,0,0,0,0,20.667460135470773,-103.46434559673071
279,0,0,-83,0,-93,0,0,0,-94,0,0,0,0,0,0,0,-52,0,0,0,0,0,0,0,0,0,0,-95,0,0,0,0,-96,0,0,0,0,0,0,0,0,0,-65,-96,0,-87,-62,0,0,0,0,0,0,20.667460135470773,-103.46434559673071
280,0,0,-82,0,0,0,0,0,-98,0,0,0,0,0,0,0,-54,0,0,0,0,0,0,0,0,0,0,-96,0,0,0,0,0,0,0,0,0,0,0,0,0,0,-69,-97,0,0,-61,0,0,0,0,0,0,20.667460135470773,-103.46434559673071
281,0,0,-84,0,0,0,0,0,0,0,0,0,0,0,0,0,-53,0,0,0,0,0,0,0,0,0,0,-94,0,-102,0,0,-98,0,0,0,0,0,0,0,0,0,-66,0,0,-92,-63,0,0,0,0,0,0,20.667460135470773,-103.46434559673071
282,0,0,-80,0,0,0,0,0,0,0,0,0,0,0,0,0,-58,0,0,0,0,0,0,0,0,0,0,0,0,0,0,0,-95,0,0,0,0,0,0,0,0,0,-65,-96,0,-88,-58,0,0,0,0,0,0,20.66745762587629,-103.46436437219381
283,0,0,-80,0,0,0,0,0,-98,0,0,0,0,0,0,0,-60,0,0,0,0,0,0,0,0,0,0,-93,0,0,0,0,-92,0,0,0,0,0,0,0,0,0,-67,-94,0,-84,-63,0,0,0,0,0,0,20.66745762587629,-103.46436437219381
284,0,0,-80,0,0,0,0,0,-98,0,0,0,0,0,0,0,-60,0,0,0,0,0,0,0,0,0,0,-93,0,0,0,0,-92,0,0,0,0,0,0,0,0,0,-67,-94,0,-84,-63,0,0,0,0,0,0,20.66745762587629,-103.46436437219381
285,0,0,-79,0,0,0,0,0,0,0,0,0,0,0,-97,0,-56,0,0,-95,0,0,0,0,0,0,0,0,0,0,0,0,-93,0,0,0,0,0,-94,0,0,0,-65,0,0,-84,-62,0,0,0,0,0,0,20.66745762587629,-103.46436437219381
286,0,0,-78,0,0,0,0,0,0,0,0,0,0,-99,-97,0,-62,0,0,-95,0,0,0,0,0,0,0,-92,0,0,0,0,-90,0,0,0,0,0,-92,0,0,0,-65,0,0,-83,-63,0,0,0,0,0,0,20.66745762587629,-103.46436437219381
287,0,0,-78,0,0,0,0,0,0,0,0,0,0,-99,-97,0,-62,0,0,-95,0,0,0,0,0,0,0,-92,0,0,0,0,-90,0,0,0,0,0,-92,0,0,0,-65,0,0,-83,-63,0,0,0,0,0,0,20.66745762587629,-103.46436437219381
288,0,0,-74,0,0,0,-95,0,-92,0,0,0,-97,0,0,0,-55,0,0,0,0,0,0,0,0,0,0,0,0,0,0,0,0,0,0,0,0,0,0,0,0,0,-67,0,0,-83,-62,-99,0,0,0,0,0,20.66745762587629,-103.46436437219381
289,0,0,-79,0,-96,0,-95,0,-92,0,0,0,-94,0,0,0,-59,0,0,0,0,0,0,0,0,0,0,0,0,0,0,0,-98,0,0,0,0,0,0,0,-98,0,-65,0,0,-87,-56,-99,0,0,0,0,0,20.66745762587629,-103.46436437219381
290,0,0,-79,0,-96,0,-95,0,-92,0,0,0,-94,0,0,0,-59,0,0,0,0,0,0,0,0,0,0,0,0,0,0,0,-98,0,0,0,0,0,0,0,-98,0,-65,0,0,-87,-56,-99,0,0,0,0,0,20.66745762587629,-103.46436437219381
291,0,0,-80,0,0,0,-95,0,0,0,0,0,-98,0,0,0,-52,0,0,0,0,0,0,0,0,0,0,0,0,0,0,0,0,0,0,0,0,0,0,0,0,0,-64,0,0,-84,-63,0,0,0,0,0,0,20.66745762587629,-103.46436437219381
292,0,0,-80,0,0,0,0,0,0,0,0,0,0,0,0,0,-57,0,0,0,0,0,0,0,0,0,0,-92,0,0,0,0,0,0,0,0,0,0,-92,0,0,0,-65,0,0,-90,-68,0,0,0,0,0,0,20.66745825327491,-103.46438717097044
293,0,0,-78,0,0,0,0,0,-93,0,0,0,0,0,0,0,-59,0,0,0,0,0,0,0,0,0,0,0,0,0,0,0,0,0,0,0,0,0,0,0,0,0,-63,-95,0,-87,-59,0,0,0,0,0,0,20.66745825327491,-103.46438717097044
294,0,0,-77,0,0,0,0,0,-92,0,0,0,0,0,0,0,-57,0,0,0,0,0,0,0,0,0,0,0,0,0,0,0,0,0,0,0,0,0,0,0,0,0,-62,-95,0,-86,-56,0,0,0,0,0,0,20.66745825327491,-103.46438717097044
295,0,0,-77,0,0,0,0,0,-92,0,0,0,0,0,0,0,-57,0,0,0,0,0,0,0,0,0,0,0,0,0,0,0,0,0,0,0,0,0,0,0,0,0,-62,-95,0,-86,-56,0,0,0,0,0,0,20.66745825327491,-103.46438717097044
296,0,0,-76,0,0,0,0,0,-94,0,0,0,0,0,0,0,-55,0,0,0,0,0,0,0,0,0,0,0,0,-95,0,0,0,0,0,0,0,0,-91,0,0,0,-63,-92,0,-86,-55,-100,0,0,0,0,0,20.66745825327491,-103.46438717097044
297,0,0,-72,0,0,0,0,0,-98,0,0,0,0,-94,0,0,-54,0,0,-92,0,0,0,0,0,0,0,0,0,-93,0,0,0,0,0,0,0,0,-91,0,0,0,-67,-95,0,-87,-55,-99,0,0,0,0,0,20.66745825327491,-103.46438717097044
298,0,0,-72,0,0,0,0,0,-98,0,0,0,0,-94,0,0,-54,0,0,-92,0,0,0,0,0,0,0,0,0,-93,0,0,0,0,0,0,0,0,-91,0,0,0,-67,-95,0,-87,-55,-99,0,0,0,0,0,20.66745825327491,-103.46438717097044
299,0,0,-77,0,0,0,0,0,-95,0,0,0,0,0,0,0,-59,0,0,0,0,0,0,0,0,0,0,-94,0,0,0,0,0,0,0,0,0,0,0,0,0,0,-61,0,0,-84,-59,0,0,0,0,0,0,20.66745825327491,-103.46438717097044
300,0,0,-79,0,0,0,0,0,-95,0,0,0,0,0,0,0,-59,0,0,0,0,0,0,0,0,0,0,-94,0,0,0,0,0,0,0,0,0,0,0,0,0,0,-63,0,0,-84,-58,0,0,0,0,0,0,20.66745825327491,-103.46438717097044
301,0,0,-79,0,0,0,0,0,-95,0,0,0,0,0,0,0,-59,0,0,0,0,0,0,0,0,0,0,-94,0,0,0,0,0,0,0,0,0,0,0,0,0,0,-63,0,0,-84,-58,0,0,0,0,0,0,20.66745825327491,-103.46438717097044
302,0,0,-81,0,0,0,0,0,-92,0,0,0,0,0,0,0,-57,0,0,0,0,0,0,0,0,0,0,-92,0,0,0,0,0,0,0,0,0,0,-94,0,0,0,-66,0,0,-88,-62,0,0,0,0,0,0,20.667458566974226,-103.46440762281418
303,0,0,-78,0,0,0,0,0,-91,0,0,0,0,0,0,0,-54,0,0,0,0,0,0,0,0,0,0,-93,0,0,0,0,0,0,0,0,0,0,0,0,0,0,-64,0,0,-85,-65,-90,0,0,0,0,0,20.667458566974226,-103.46440762281418
304,0,0,-78,0,0,0,0,0,-91,0,0,0,0,0,0,0,-54,0,0,0,0,0,0,0,0,0,0,-93,0,0,0,0,0,0,0,0,0,0,0,0,0,0,-64,0,0,-85,-65,-90,0,0,0,0,0,20.667458566974226,-103.46440762281418
305,0,0,-80,0,0,0,0,0,-91,0,0,0,-96,-93,-95,0,-54,0,0,0,0,0,0,0,0,0,0,0,0,0,0,0,0,0,0,0,0,0,-93,0,0,0,-66,0,0,-85,-66,-99,-96,0,0,0,0,20.667458566974226,-103.46440762281418
306,0,0,-83,0,0,0,0,0,-90,0,0,0,0,0,0,0,-56,0,0,0,0,0,0,0,0,0,0,-99,0,0,0,0,0,0,0,0,0,0,-92,0,0,0,-66,-96,0,-84,-66,0,0,0,0,0,0,20.667458566974226,-103.46440762281418
307,0,0,-83,0,0,0,0,0,-90,0,0,0,0,0,0,0,-56,0,0,0,0,0,0,0,0,0,0,-99,0,0,0,0,0,0,0,0,0,0,-92,0,0,0,-66,-96,0,-84,-66,0,0,0,0,0,0,20.667458566974226,-103.46440762281418
308,0,0,-82,0,0,0,-96,0,-90,0,0,0,0,0,-94,0,-55,0,0,0,0,0,0,0,0,0,0,0,0,0,0,0,0,0,0,0,0,0,0,0,0,0,-66,0,0,-87,-64,-93,0,0,0,0,0,20.667458566974226,-103.46440762281418
309,0,0,-79,0,0,0,0,0,0,0,0,0,0,0,0,0,-58,0,0,0,0,0,0,0,0,0,0,0,0,0,0,0,0,0,0,0,0,0,0,0,0,0,-64,-95,0,-86,-67,-91,0,0,0,0,0,20.667458566974226,-103.46440762281418
310,0,0,-79,0,0,0,0,0,0,0,0,0,0,0,0,0,-58,0,0,0,0,0,0,0,0,0,0,0,0,0,0,0,0,0,0,0,0,0,0,0,0,0,-64,-95,0,-86,-67,-91,0,0,0,0,0,20.667458566974226,-103.46440762281418
311,0,0,-80,0,0,0,-95,0,-90,0,0,0,-94,-97,-94,0,-55,0,0,0,0,0,0,0,0,0,0,0,0,0,0,0,0,0,0,0,0,0,0,0,0,0,-65,0,0,-88,-70,0,-93,0,0,0,0,20.667458566974226,-103.46440762281418
312,0,0,-86,0,0,0,0,0,-95,0,0,0,0,0,0,0,-60,0,0,0,0,0,0,0,0,0,0,0,0,0,0,0,0,0,0,0,0,0,-96,0,0,0,-68,-94,0,-86,-56,0,0,0,0,0,0,20.667438176517688,-103.46429463475943
313,0,0,-86,0,0,0,0,0,-95,0,0,0,0,0,0,0,-60,0,0,0,0,0,0,0,0,0,0,0,0,0,0,0,0,0,0,0,0,0,-96,0,0,0,-68,-94,0,-86,-56,0,0,0,0,0,0,20.667438176517688,-103.46429463475943
314,0,0,-87,0,0,0,0,0,-90,0,0,0,0,0,0,0,-58,0,0,0,0,0,0,0,0,0,0,0,0,0,0,0,0,0,0,0,0,0,0,0,0,0,-65,0,0,-89,-55,0,0,0,0,0,0,20.667438176517688,-103.46429463475943
315,0,0,-86,0,-92,0,0,0,-90,0,0,0,0,0,0,0,-57,0,0,0,0,0,0,0,0,0,0,0,0,0,0,0,-96,0,0,0,0,0,0,0,0,0,-69,0,0,-86,-52,0,0,0,0,0,0,20.667438176517688,-103.46429463475943
316,0,0,-86,0,-92,0,0,0,-90,0,0,0,0,0,0,0,-57,0,0,0,0,0,0,0,0,0,0,0,0,0,0,0,-96,0,0,0,0,0,0,0,0,0,-69,0,0,-86,-52,0,0,0,0,0,0,20.667438176517688,-103.46429463475943
317,0,0,-85,0,0,0,0,0,0,0,0,0,0,0,0,0,-56,0,0,0,0,0,0,0,0,0,0,-96,0,0,0,0,-95,0,0,0,0,0,0,0,0,0,-70,0,0,-84,-52,0,0,0,0,0,0,20.667438176517688,-103.46429463475943
318,0,0,-82,0,-89,0,0,0,0,0,0,0,0,0,0,0,-53,0,0,0,0,0,0,0,0,0,0,-96,0,0,0,0,-93,0,0,0,0,0,0,0,0,0,-67,-98,0,-89,-52,0,0,0,0,0,0,20.667438176517688,-103.46429463475943
319,0,0,-82,0,-89,0,0,0,0,0,0,0,0,0,0,0,-53,0,0,0,0,0,0,0,0,0,0,-96,0,0,0,0,-93,0,0,0,0,0,0,0,0,0,-67,-98,0,-89,-52,0,0,0,0,0,0,20.667438176517688,-103.46429463475943
320,0,0,-83,0,0,-94,0,0,0,0,0,0,0,0,0,0,-59,0,0,0,0,0,0,0,0,0,0,-96,0,0,0,0,0,0,0,-99,0,0,0,0,0,0,-69,0,0,-90,-52,-95,0,0,0,0,0,20.667438176517688,-103.46429463475943
321,0,0,-84,0,0,-94,0,0,0,0,0,0,0,0,0,0,-61,0,0,0,0,0,0,0,0,0,0,-96,0,0,0,0,-96,0,0,-99,0,0,0,0,0,0,-68,-95,0,-87,-52,-99,0,0,0,0,0,20.667438176517688,-103.46429463475943
322,0,0,-82,0,0,0,0,0,-87,0,0,0,0,0,0,0,-56,0,0,0,0,0,0,0,0,0,0,-93,0,0,0,0,-95,0,0,0,0,0,-95,0,0,0,-65,-94,0,-85,-63,0,0,0,0,0,0,20.66744005871378,-103.4643268212676
323,0,0,-82,0,0,0,0,0,-87,0,0,0,0,0,0,0,-56,0,0,0,0,0,0,0,0,0,0,-93,0,0,0,0,-95,0,0,0,0,0,-95,0,0,0,-65,-94,0,-85,-63,0,0,0,0,0,0,20.66744005871378,-103.4643268212676
324,0,0,-83,0,-92,0,0,0,0,0,0,0,0,0,0,0,-55,0,0,-91,0,0,0,0,0,0,0,0,0,0,0,0,-91,0,0,0,0,0,0,0,0,0,-64,0,0,-82,-56,0,0,0,0,0,0,20.66744005871378,-103.4643268212676
325,0,0,-82,0,0,0,0,0,-92,0,0,0,0,0,0,0,-53,0,0,0,0,0,0,0,0,0,0,-95,0,0,0,0,-94,0,0,0,0,0,0,0,0,0,-63,0,0,-82,-57,0,0,0,0,0,0,20.66744005871378,-103.4643268212676
326,0,0,-82,0,0,0,0,0,-92,0,0,0,0,0,0,0,-53,0,0,0,0,0,0,0,0,0,0,-95,0,0,0,0,-94,0,0,0,0,0,0,0,0,0,-63,0,0,-82,-57,0,0,0,0,0,0,20.66744005871378,-103.4643268212676
327,0,0,-81,0,0,0,0,0,-90,0,0,0,0,0,0,0,-53,0,0,-93,0,0,0,0,0,0,0,0,0,0,0,0,0,0,0,0,0,0,-90,0,0,0,-64,0,0,-83,-56,0,0,0,0,0,0,20.66744005871378,-103.4643268212676
328,0,0,-84,0,-95,0,0,0,0,0,0,0,0,0,0,0,-54,0,0,0,0,0,0,0,0,0,0,-97,0,0,0,0,0,0,0,0,0,0,0,0,0,0,-63,0,0,-82,-57,0,-98,0,0,0,0,20.66744005871378,-103.4643268212676
329,0,0,-84,0,-95,0,0,0,0,0,0,0,0,0,0,0,-54,0,0,0,0,0,0,0,0,0,0,-97,0,0,0,0,0,0,0,0,0,0,0,0,0,0,-63,0,0,-82,-57,0,-98,0,0,0,0,20.66744005871378,-103.4643268212676
330,0,0,-80,0,0,0,0,0,-90,0,0,0,0,0,0,0,-58,0,0,0,0,0,0,0,0,0,0,-94,0,0,0,0,0,0,0,0,0,0,0,0,0,0,-65,0,0,0,-54,0,0,0,0,0,0,20.66744005871378,-103.4643268212676
331,0,0,-82,0,0,0,0,0,-91,0,0,0,0,0,0,0,-58,0,0,-94,0,0,0,0,0,0,0,-91,0,0,0,0,-92,0,0,0,0,0,0,0,0,0,-67,0,0,-83,-58,0,0,0,0,0,0,20.66744005871378,-103.4643268212676
332,0,0,-86,0,0,0,0,0,0,0,0,0,0,0,0,0,-56,0,0,0,0,0,0,0,0,0,0,-92,0,0,0,0,0,0,0,0,0,0,0,0,0,0,-68,0,0,-81,-58,0,0,0,0,0,0,20.66743754911898,-103.46434324979782
333,0,0,-86,0,0,0,0,0,-90,0,0,0,0,0,0,0,-52,0,0,0,0,0,0,0,0,0,0,-98,0,0,0,0,-99,0,0,0,0,0,0,0,0,0,-66,-99,0,-88,-60,0,0,0,0,0,0,20.66743754911898,-103.46434324979782
334,0,0,-85,0,0,0,-98,0,-90,0,0,0,-98,0,0,0,-52,0,0,0,0,0,0,0,0,0,-99,-98,0,0,0,0,-95,0,0,0,0,0,-97,0,0,0,-66,-96,0,-88,-61,-99,0,0,0,0,0,20.66743754911898,-103.46434324979782
335,0,0,-85,0,0,0,-98,0,-90,0,0,0,-98,0,0,0,-52,0,0,0,0,0,0,0,0,0,-99,-98,0,0,0,0,-95,0,0,0,0,0,-97,0,0,0,-66,-96,0,-88,-61,-99,0,0,0,0,0,20.66743754911898,-103.46434324979782
336,0,0,-88,0,0,0,0,0,-91,0,0,0,0,0,0,0,-51,0,0,0,0,0,0,0,0,0,0,0,0,0,0,0,-97,0,0,0,0,0,0,0,0,0,-68,0,0,-90,-55,0,0,0,0,0,0,20.66743754911898,-103.46434324979782
337,0,0,-84,0,0,0,0,0,-90,0,0,0,0,0,0,0,-53,0,0,0,0,0,0,0,0,0,0,0,0,0,0,0,-94,0,0,0,0,0,-94,0,0,0,-67,0,0,-90,-52,0,0,0,0,0,0,20.66743754911898,-103.46434324979782
338,0,0,-84,0,0,0,0,0,-90,0,0,0,0,0,0,0,-53,0,0,0,0,0,0,0,0,0,0,0,0,0,0,0,-94,0,0,0,0,0,-94,0,0,0,-67,0,0,-90,-52,0,0,0,0,0,0,20.66743754911898,-103.46434324979782
339,0,0,-89,0,0,0,-98,0,-90,0,0,0,0,0,0,0,-54,0,0,0,0,0,0,0,0,0,0,0,0,0,0,0,-96,0,0,0,0,0,0,0,0,0,-69,0,0,-89,-53,0,0,0,0,0,0,20.66743754911898,-103.46434324979782
340,0,0,-84,0,0,0,-97,0,-90,0,0,0,-98,0,0,0,-56,0,0,0,0,0,0,0,0,0,0,0,0,0,0,0,-94,0,0,0,0,0,0,0,0,0,-77,0,0,0,-56,-100,0,0,0,0,0,20.66743754911898,-103.46434324979782
341,0,0,-84,0,0,0,-97,0,-90,0,0,0,-98,0,0,0,-56,0,0,0,0,0,0,0,0,0,0,0,0,0,0,0,-94,0,0,0,0,0,0,0,0,0,-77,0,0,0,-56,-100,0,0,0,0,0,20.66743754911898,-103.46434324979782
342,0,0,-84,0,0,0,0,0,0,0,0,0,0,0,0,0,-59,0,0,0,0,0,0,0,0,0,0,-94,0,0,0,0,0,0,0,0,0,0,-91,0,0,0,-66,-97,0,-87,-60,0,0,0,0,0,0,20.66743409842606,-103.4643616899848
343,0,0,-78,0,-94,0,0,0,-93,0,0,0,0,0,0,0,-56,0,0,0,0,0,0,0,0,0,0,0,0,0,0,0,0,0,0,0,0,0,0,0,0,0,-63,0,0,-89,-52,0,0,0,0,0,0,20.66743409842606,-103.4643616899848
344,0,0,-78,0,-94,0,0,0,-93,0,0,0,0,0,0,0,-56,0,0,0,0,0,0,0,0,0,0,0,0,0,0,0,0,0,0,0,0,0,0,0,0,0,-63,0,0,-89,-52,0,0,0,0,0,0,20.66743409842606,-103.4643616899848
345,0,0,-83,0,-92,0,0,0,0,0,0,0,-100,-101,-98,0,-54,0,0,0,0,0,0,0,0,0,0,-92,0,0,0,0,0,0,0,0,0,0,-92,0,0,0,-66,0,0,0,-57,0,0,0,0,0,0,20.66743409842606,-103.4643616899848
346,0,0,-85,0,0,0,0,0,0,0,0,0,0,0,0,0,-59,0,0,0,0,0,0,0,0,0,0,-95,0,0,0,0,0,0,0,0,0,0,0,0,0,0,-67,0,0,-89,-53,0,0,0,0,0,0,20.66743409842606,-103.4643616899848
347,0,0,-85,0,0,0,0,0,0,0,0,0,0,0,0,0,-59,0,0,0,0,0,0,0,0,0,0,-95,0,0,0,0,0,0,0,0,0,0,0,0,0,0,-67,0,0,-89,-53,0,0,0,0,0,0,20.66743409842606,-103.4643616899848
348,0,0,-79,0,-92,0,0,0,0,0,0,0,0,0,0,0,-55,0,0,0,0,0,0,0,0,0,0,0,0,0,0,0,0,0,0,0,0,0,-92,0,0,0,-65,0,0,-94,-52,0,0,0,0,0,0,20.66743409842606,-103.4643616899848
349,0,0,-79,0,0,0,0,0,-92,0,0,0,0,0,0,0,-59,0,0,0,0,0,0,0,0,0,0,0,0,0,0,0,0,0,0,0,0,0,0,0,0,0,-69,-92,0,-90,-53,0,0,0,0,0,0,20.66743409842606,-103.4643616899848
350,0,0,-79,0,0,0,0,0,-92,0,0,0,0,0,0,0,-59,0,0,0,0,0,0,0,0,0,0,0,0,0,0,0,0,0,0,0,0,0,0,0,0,0,-69,-92,0,-90,-53,0,0,0,0,0,0,20.66743409842606,-103.4643616899848
351,0,0,-80,0,-92,0,0,0,-94,0,0,0,0,0,0,0,-59,0,0,0,0,0,0,0,0,0,0,0,0,-94,0,0,0,0,0,0,0,0,-95,0,0,0,-68,0,0,-88,-59,0,0,0,0,0,0,20.66743409842606,-103.4643616899848
352,0,0,-84,0,0,0,0,0,0,0,0,0,0,0,0,0,-63,0,0,0,0,0,0,0,0,0,0,-97,0,0,0,0,0,0,0,0,0,0,0,0,0,0,-68,0,0,-88,-63,0,0,0,0,0,0,20.667433471027326,-103.46438582986593
353,0,0,-80,0,0,0,0,0,0,0,0,0,0,0,0,0,-56,0,0,0,0,0,0,0,0,0,0,0,0,0,0,0,0,0,0,0,0,0,0,0,0,0,-67,-93,0,-86,-61,0,0,0,0,0,0,20.667433471027326,-103.46438582986593
354,0,0,-80,0,0,0,0,0,-93,0,0,0,0,0,0,0,-57,0,0,0,0,0,0,0,0,0,0,0,0,0,0,0,0,0,0,0,0,0,-94,0,0,0,-65,0,0,-85,-60,0,0,0,0,0,0,20.667433471027326,-103.46438582986593
355,0,0,-80,0,0,0,0,0,-93,0,0,0,0,0,0,0,-57,0,0,0,0,0,0,0,0,0,0,0,0,0,0,0,0,0,0,0,0,0,-94,0,0,0,-65,0,0,-85,-60,0,0,0,0,0,0,20.667433471027326,-103.46438582986593
356,0,0,-83,0,0,0,0,0,-95,0,0,0,0,0,0,0,-56,0,0,0,0,0,0,0,0,0,0,0,0,0,0,0,0,0,0,0,0,0,0,0,0,0,-64,0,0,0,-59,0,0,0,0,0,0,20.667433471027326,-103.46438582986593
357,0,0,-86,0,0,0,0,0,0,0,0,0,0,0,0,0,-56,0,0,0,0,0,0,0,0,0,0,0,0,0,0,0,0,0,0,0,0,0,0,0,0,0,-63,0,0,-86,-59,0,0,0,0,0,0,20.667433471027326,-103.46438582986593
358,0,0,-86,0,0,0,0,0,0,0,0,0,0,0,0,0,-56,0,0,0,0,0,0,0,0,0,0,0,0,0,0,0,0,0,0,0,0,0,0,0,0,0,-63,0,0,-86,-59,0,0,0,0,0,0,20.667433471027326,-103.46438582986593
359,0,0,-77,0,0,0,0,0,0,0,0,0,0,0,0,0,-62,0,0,0,0,0,0,0,0,0,0,0,0,0,0,0,0,0,0,0,0,0,0,0,0,0,-69,0,0,0,-66,0,0,0,0,0,0,20.667433471027326,-103.46438582986593
360,0,0,-81,0,-93,0,0,0,0,0,0,0,0,0,0,0,-63,0,0,0,0,0,0,0,0,0,0,0,0,0,0,0,0,0,0,0,0,0,0,0,0,0,-67,-93,0,-84,-64,0,0,0,0,0,0,20.667433471027326,-103.46438582986593
361,0,0,-81,0,-93,0,0,0,0,0,0,0,0,0,0,0,-63,0,0,0,0,0,0,0,0,0,0,0,0,0,0,0,0,0,0,0,0,0,0,0,0,0,-67,-93,0,-84,-64,0,0,0,0,0,0,20.667433471027326,-103.46438582986593
362,0,0,-78,0,-98,0,0,0,0,0,0,0,0,-92,0,0,-57,0,0,0,0,0,0,0,0,0,0,0,0,0,0,0,-100,0,0,0,0,0,0,0,0,0,-62,0,0,0,-63,0,0,0,0,0,0,20.66743096143241,-103.46440594643354
363,0,0,-78,0,-98,0,0,0,0,0,0,0,0,-92,0,0,-57,0,0,0,0,0,0,0,0,0,0,0,0,0,0,0,-100,0,0,0,0,0,0,0,0,0,-62,0,0,0,-63,0,0,0,0,0,0,20.66743096143241,-103.46440594643354
364,0,0,-78,0,-94,0,0,0,0,0,0,0,0,0,0,0,-56,0,0,-96,0,0,0,0,0,0,0,-95,0,0,0,0,0,0,0,0,0,0,0,0,0,0,-60,0,0,-92,-66,0,0,0,0,0,0,20.66743096143241,-103.46440594643354
365,0,0,-77,0,0,0,0,0,0,0,0,0,0,0,0,0,-60,0,0,0,0,0,0,0,0,0,0,0,0,0,0,0,0,0,0,0,0,0,0,0,0,0,-64,0,0,-94,-59,0,0,0,0,0,0,20.66743096143241,-103.46440594643354
366,0,0,-77,0,0,0,0,0,0,0,0,0,0,0,0,0,-60,0,0,0,0,0,0,0,0,0,0,0,0,0,0,0,0,0,0,0,0,0,0,0,0,0,-64,0,0,-94,-59,0,0,0,0,0,0,20.66743096143241,-103.46440594643354
367,0,0,-81,0,0,0,0,0,-96,0,0,0,0,-97,0,0,-56,0,0,0,0,0,0,0,0,0,0,0,0,0,0,0,0,0,0,0,0,0,0,0,0,0,-62,0,0,-93,-63,0,0,0,0,0,0,20.66743096143241,-103.46440594643354
368,0,0,-77,0,-95,0,0,0,0,0,0,0,0,0,0,0,-55,0,0,0,0,0,0,0,0,0,-99,0,0,0,0,0,0,0,0,0,0,0,0,0,0,0,-62,0,0,-91,-62,0,0,0,0,0,0,20.66743096143241,-103.46440594643354
369,0,0,-77,0,-95,0,0,0,0,0,0,0,0,0,0,0,-55,0,0,0,0,0,0,0,0,0,-99,0,0,0,0,0,0,0,0,0,0,0,0,0,0,0,-62,0,0,-91,-62,0,0,0,0,0,0,20.66743096143241,-103.46440594643354
370,0,0,-83,0,-95,0,0,0,0,0,0,0,0,-96,0,0,-57,0,0,0,0,0,0,0,0,0,0,0,0,0,0,0,0,0,0,0,0,0,0,0,0,0,-62,0,0,0,-62,0,0,0,0,0,0,20.66743096143241,-103.46440594643354
371,0,0,-84,0,0,0,0,0,-93,0,0,0,0,0,0,0,-55,0,0,0,0,0,0,0,0,0,0,0,0,0,0,0,0,0,0,0,0,0,0,0,0,0,-62,-95,0,-91,-60,0,0,0,0,0,0,20.66743096143241,-103.46440594643354
372,0,0,-76,0,0,0,0,0,-87,0,0,0,0,0,0,0,-60,0,0,0,0,0,0,0,0,0,0,0,0,0,0,0,0,0,0,0,0,0,0,0,0,0,-66,0,0,-90,-62,0,0,0,0,0,0,20.667409943573347,-103.4644153341651
373,0,0,-82,0,-91,0,0,0,-89,0,0,0,0,-94,0,0,-61,0,0,-91,0,0,0,0,0,0,0,0,0,0,0,0,0,0,0,0,0,0,0,0,0,0,-69,0,0,-92,-62,0,0,0,0,0,0,20.667409943573347,-103.4644153341651
374,0,0,-83,0,-91,0,0,0,-88,0,0,0,0,-92,0,0,-60,0,0,-93,0,0,0,0,0,0,0,-95,0,0,0,0,0,0,0,0,0,0,0,0,0,0,-68,0,0,-92,-63,0,0,0,0,0,0,20.667409943573347,-103.4644153341651
375,0,0,-83,0,-91,0,0,0,-88,0,0,0,0,-92,0,0,-60,0,0,-93,0,0,0,0,0,0,0,-95,0,0,0,0,0,0,0,0,0,0,0,0,0,0,-68,0,0,-92,-63,0,0,0,0,0,0,20.667409943573347,-103.4644153341651
376,0,0,-85,0,0,0,0,0,-88,0,0,0,0,-92,0,0,-60,0,0,0,0,0,0,0,0,0,0,0,0,-97,0,0,0,0,0,0,0,0,0,0,0,0,-65,0,0,-94,-61,0,0,0,0,0,0,20.667409943573347,-103.4644153341651
377,0,0,-84,0,-89,0,0,0,-89,0,0,0,0,-92,0,0,-64,0,0,-92,0,0,0,0,0,0,0,-95,0,0,0,0,0,0,0,0,0,0,0,0,0,0,-67,0,0,0,-62,0,0,0,0,0,0,20.667409943573347,-103.4644153341651
378,0,0,-84,0,-89,0,0,0,-89,0,0,0,0,-92,0,0,-64,0,0,-92,0,0,0,0,0,0,0,-95,0,0,0,0,0,0,0,0,0,0,0,0,0,0,-67,0,0,0,-62,0,0,0,0,0,0,20.667409943573347,-103.4644153341651
379,0,0,-83,0,-94,0,0,0,-94,0,0,0,0,-95,0,0,-63,0,0,0,0,0,0,0,0,0,0,0,0,0,0,0,0,0,0,0,0,0,-95,0,0,0,-68,0,0,-89,-65,0,0,0,0,0,0,20.667409943573347,-103.4644153341651
380,0,0,-81,0,-89,0,0,0,-87,0,0,0,0,0,0,0,-61,0,0,-94,0,0,0,0,0,0,0,0,0,0,0,0,0,0,0,0,0,0,0,0,0,0,-66,0,0,-89,-62,0,0,0,0,0,0,20.667409943573347,-103.4644153341651
381,0,0,-81,0,-89,0,0,0,-87,0,0,0,0,0,0,0,-61,0,0,-94,0,0,0,0,0,0,0,0,0,0,0,0,0,0,0,0,0,0,0,0,0,0,-66,0,0,-89,-62,0,0,0,0,0,0,20.667409943573347,-103.4644153341651
382,0,0,-89,0,-94,0,0,0,0,0,0,0,0,-96,0,0,-63,0,0,-94,0,0,0,0,0,0,0,0,0,0,0,0,0,0,0,0,0,0,0,0,0,0,-73,0,0,0,-64,0,0,0,0,0,0,20.667392690104776,-103.46438314765692
383,0,0,-88,-98,0,0,0,0,-86,0,0,0,0,0,0,0,-70,0,0,0,0,0,0,0,0,0,0,0,0,0,0,0,0,0,0,0,0,0,-94,0,0,0,-68,-94,0,-90,-62,0,0,0,0,0,0,20.667392690104776,-103.46438314765692
384,0,0,-87,0,0,0,0,0,0,0,0,0,-97,-91,0,0,-66,0,0,0,0,0,0,0,0,0,0,0,0,0,0,0,0,0,0,0,0,0,0,0,0,0,-68,0,0,-92,-65,-97,0,0,0,0,0,20.667392690104776,-103.46438314765692
385,0,0,-87,0,0,0,0,0,0,0,0,0,-97,-91,0,0,-66,0,0,0,0,0,0,0,0,0,0,0,0,0,0,0,0,0,0,0,0,0,0,0,0,0,-68,0,0,-92,-65,-97,0,0,0,0,0,20.667392690104776,-103.46438314765692
386,0,0,-90,0,0,0,0,0,-88,0,0,0,0,0,0,0,-67,0,0,0,0,0,0,0,0,0,0,0,0,0,0,0,0,0,0,0,0,0,-96,0,0,0,-65,-95,0,0,-63,-95,0,0,0,0,0,20.667392690104776,-103.46438314765692
387,0,0,-89,0,0,0,0,0,-86,0,0,0,-92,0,0,0,-66,0,0,0,0,0,0,0,0,0,0,0,0,0,0,0,0,0,0,0,0,0,0,0,0,0,-66,0,0,-92,-64,0,0,0,0,0,0,20.667392690104776,-103.46438314765692
388,0,0,-89,0,0,0,0,0,-86,0,0,0,-92,0,0,0,-66,0,0,0,0,0,0,0,0,0,0,0,0,0,0,0,0,0,0,0,0,0,0,0,0,0,-66,0,0,-92,-64,0,0,0,0,0,0,20.667392690104776,-103.46438314765692
389,0,0,-87,0,0,0,0,0,-89,0,0,0,0,0,0,0,-64,0,0,0,0,0,0,0,0,0,0,-98,0,0,0,0,0,0,0,0,0,0,0,0,0,0,-67,-93,0,0,-67,0,0,0,0,0,0,20.667392690104776,-103.46438314765692
390,0,0,-86,-94,0,0,0,0,-88,0,0,0,-94,0,0,0,-67,0,0,0,0,0,0,0,0,0,0,-98,0,0,0,0,0,0,0,0,0,0,0,0,0,0,-67,-93,0,0,-64,0,0,0,0,0,0,20.667392690104776,-103.46438314765692
391,0,0,-86,-94,0,0,0,0,-88,0,0,0,-94,0,0,0,-67,0,0,0,0,0,0,0,0,0,0,-98,0,0,0,0,0,0,0,0,0,0,0,0,0,0,-67,-93,0,0,-64,0,0,0,0,0,0,20.667392690104776,-103.46438314765692
392,0,0,-84,0,0,0,-97,0,-93,0,0,0,0,0,0,0,-57,0,0,0,0,0,0,0,0,0,0,-97,0,0,0,0,0,0,0,0,0,0,0,0,0,0,-68,-98,0,-86,-52,0,0,0,0,0,0,20.667413080567417,-103.46433755010366
393,0,0,-84,0,0,0,-97,0,-93,0,0,0,0,0,0,0,-57,0,0,0,0,0,0,0,0,0,0,-97,0,0,0,0,0,0,0,0,0,0,0,0,0,0,-68,-98,0,-86,-52,0,0,0,0,0,0,20.667413080567417,-103.46433755010366
394,0,0,-80,0,-92,0,-96,0,0,0,0,0,-95,0,0,0,-54,0,0,0,0,0,0,0,0,0,0,-95,0,0,0,0,0,0,0,0,0,0,0,0,0,0,-70,0,0,-87,-60,0,0,0,0,0,0,20.667413080567417,-103.46433755010366
395,0,0,-85,0,-97,0,0,0,-94,0,0,0,0,0,0,0,-53,0,0,0,0,0,-95,0,0,0,0,-95,0,0,0,0,-98,0,0,0,0,0,0,0,0,0,-67,0,0,-90,-55,0,0,0,0,0,0,20.667413080567417,-103.46433755010366
396,0,0,-85,0,-97,0,0,0,-94,0,0,0,0,0,0,0,-53,0,0,0,0,0,-95,0,0,0,0,-95,0,0,0,0,-98,0,0,0,0,0,0,0,0,0,-67,0,0,-90,-55,0,0,0,0,0,0,20.667413080567417,-103.46433755010366
397,0,0,-83,0,0,0,0,0,0,0,0,0,0,0,0,0,-59,0,0,0,0,0,0,0,0,0,0,-93,0,0,0,0,0,0,0,0,0,0,0,0,0,0,-67,0,0,-89,-56,0,0,-95,0,0,0,20.667413080567417,-103.46433755010366
398,0,0,-82,0,0,0,0,0,0,0,0,0,0,0,0,0,-55,0,0,0,0,0,0,0,0,0,0,-93,0,0,0,0,0,0,0,0,0,0,0,0,0,0,-65,0,0,-91,-55,0,0,-97,0,0,0,20.667413080567417,-103.46433755010366
399,0,0,-82,0,0,0,0,0,0,0,0,0,0,0,0,0,-55,0,0,0,0,0,0,0,0,0,0,-93,0,0,0,0,0,0,0,0,0,0,0,0,0,0,-65,0,0,-91,-55,0,0,-97,0,0,0,20.667413080567417,-103.46433755010366
400,0,0,-86,0,0,0,0,0,0,0,0,0,0,0,-93,0,-57,0,0,0,0,0,0,0,0,0,0,0,0,0,0,0,0,0,0,0,0,0,0,0,0,0,-66,0,0,-91,-55,0,0,0,0,0,0,20.667413080567417,-103.46433755010366
401,0,0,-82,0,0,0,0,0,-90,0,0,0,0,0,0,0,-55,0,0,0,0,0,0,0,0,0,0,-95,0,0,0,0,-93,0,0,0,0,0,0,0,0,0,-68,-92,0,-89,-55,0,0,-97,0,0,0,20.667413080567417,-103.46433755010366
402,0,0,-87,0,0,0,0,0,0,0,0,0,0,0,0,0,-57,0,0,0,0,0,0,0,0,0,0,0,0,0,0,0,0,0,0,0,0,0,0,0,0,0,-75,0,0,-90,-62,-93,0,0,0,0,0,20.667423746346785,-103.46430938690901
403,0,0,-87,0,0,0,0,0,-89,0,0,0,0,0,0,0,-56,0,0,0,0,0,0,0,0,0,-93,0,0,-98,0,0,0,0,0,0,0,0,0,0,0,0,-70,0,0,-88,-66,-95,0,0,0,0,0,20.667423746346785,-103.46430938690901
404,0,0,-87,0,0,0,0,0,-89,0,0,0,0,0,0,0,-56,0,0,0,0,0,0,0,0,0,-93,0,0,-98,0,0,0,0,0,0,0,0,0,0,0,0,-70,0,0,-88,-66,-95,0,0,0,0,0,20.667423746346785,-103.46430938690901
405,0,0,-80,0,0,0,0,0,-92,0,0,0,0,0,0,0,-55,0,-97,0,0,0,0,0,0,0,-93,-95,0,0,0,0,0,0,0,0,0,0,0,0,0,0,-68,-94,0,-87,-63,0,0,0,0,0,0,20.667423746346785,-103.46430938690901
406,0,0,-80,0,0,0,0,0,-90,0,0,0,0,0,0,0,-53,0,-97,0,0,0,0,0,0,0,-93,-95,0,0,0,0,0,0,0,0,0,0,-93,0,0,0,-68,-94,0,-89,-64,-98,0,0,0,0,0,20.667423746346785,-103.46430938690901
407,0,0,-80,0,0,0,0,0,-90,0,0,0,0,0,0,0,-53,0,-97,0,0,0,0,0,0,0,-93,-95,0,0,0,0,0,0,0,0,0,0,-93,0,0,0,-68,-94,0,-89,-64,-98,0,0,0,0,0,20.667423746346785,-103.46430938690901
408,0,0,-79,0,-95,0,0,0,-94,0,0,0,0,0,0,0,-54,0,0,0,0,0,0,0,0,0,-94,-95,0,0,0,0,0,0,0,0,0,0,-91,0,0,0,-69,-92,0,-89,-63,0,0,0,0,0,0,20.667423746346785,-103.46430938690901
409,0,0,-85,0,-95,0,0,0,-94,0,0,0,0,0,0,0,-55,0,0,0,0,0,0,0,0,0,-95,-95,0,0,0,0,0,0,0,0,0,0,-91,0,0,0,-67,-93,0,-91,-62,0,0,0,0,0,0,20.667423746346785,-103.46430938690901
410,0,0,-85,0,-95,0,0,0,-94,0,0,0,0,0,0,0,-55,0,0,0,0,0,0,0,0,0,-95,-95,0,0,0,0,0,0,0,0,0,0,-91,0,0,0,-67,-93,0,-91,-62,0,0,0,0,0,0,20.667423746346785,-103.46430938690901
411,0,0,-73,0,-92,0,0,0,-93,0,0,0,0,0,0,0,-63,0,0,-93,0,0,0,0,0,0,0,-93,0,0,0,0,0,0,0,0,0,0,0,0,0,0,-59,0,0,-83,-63,0,0,0,0,0,0,20.667423746346785,-103.46430938690901
412,0,0,-73,0,-92,0,0,0,-93,0,0,0,0,0,0,0,-63,0,0,-93,0,0,0,0,0,0,0,-93,0,0,0,0,0,0,0,0,0,0,0,0,0,0,-59,0,0,-83,-63,0,0,0,0,0,0,20.667464527261004,-103.46444115042686
413,0,0,-72,0,0,0,0,0,-96,0,0,0,0,0,0,0,-65,0,0,0,0,0,0,0,0,0,0,0,0,0,0,0,0,0,0,0,0,0,0,0,0,0,-59,0,0,-84,-68,0,0,0,0,0,0,20.667464527261004,-103.46444115042686
414,0,0,-72,0,0,0,0,0,-96,0,0,0,0,0,0,0,-65,0,0,0,0,0,0,0,0,0,0,0,0,0,0,0,0,0,0,0,0,0,0,0,0,0,-59,0,0,-84,-68,0,0,0,0,0,0,20.667464527261004,-103.46444115042686
415,0,0,-74,0,-90,0,0,0,0,0,0,0,-98,0,0,0,-68,0,0,-89,0,0,0,0,0,0,0,0,0,0,0,0,0,0,0,0,0,0,0,0,0,0,-62,0,0,-84,-63,0,0,0,0,0,0,20.667464527261004,-103.46444115042686
416,0,0,-74,0,-93,0,0,0,0,0,0,0,-98,0,0,0,-69,0,0,-89,0,0,0,0,0,0,0,0,0,0,0,0,0,0,0,0,0,0,0,0,0,0,-60,0,0,-82,-67,0,0,0,0,0,0,20.667464527261004,-103.46444115042686
417,0,0,-74,0,-93,0,0,0,0,0,0,0,-98,0,0,0,-69,0,0,-89,0,0,0,0,0,0,0,0,0,0,0,0,0,0,0,0,0,0,0,0,0,0,-60,0,0,-82,-67,0,0,0,0,0,0,20.667464527261004,-103.46444115042686
418,0,0,-70,0,-91,0,0,0,0,0,0,0,-98,0,0,0,-65,0,0,-90,0,0,0,0,0,0,0,0,0,0,0,0,0,0,0,0,0,0,0,0,0,0,-60,0,0,-85,-64,0,-94,0,0,0,0,20.667464527261004,-103.46444115042686
419,0,0,-77,0,-91,0,0,0,0,0,0,0,-98,0,0,0,-66,0,0,-92,0,0,0,0,0,0,0,-97,0,0,0,0,0,0,0,0,0,0,0,0,0,0,-60,0,0,-85,-64,0,-94,0,0,0,0,20.667464527261004,-103.46444115042686
420,0,0,-77,0,-91,0,0,0,0,0,0,0,-98,0,0,0,-66,0,0,-92,0,0,0,0,0,0,0,-97,0,0,0,0,0,0,0,0,0,0,0,0,0,0,-60,0,0,-85,-64,0,-94,0,0,0,0,20.667464527261004,-103.46444115042686
421,0,0,-72,0,0,0,0,0,0,0,0,0,-98,0,0,0,-64,0,0,-90,0,0,0,0,0,0,0,0,0,0,0,0,0,0,0,0,0,0,0,0,0,0,-64,0,0,-83,-62,0,-93,0,0,0,0,20.667464527261004,-103.46444115042686
422,0,0,-70,0,-92,0,0,0,0,0,0,0,-97,-98,0,0,-68,0,0,0,0,0,0,0,0,0,0,0,0,0,0,0,0,0,0,0,0,0,0,0,0,0,-55,0,0,-90,-61,0,0,0,0,0,0,20.667446019001297,-103.46444249153137
423,0,0,-67,0,0,0,0,0,0,0,0,0,0,0,0,0,-64,0,0,-89,0,0,0,0,0,0,0,0,0,0,0,0,0,0,0,0,0,0,0,0,0,0,-59,0,0,0,-57,0,0,0,0,0,0,20.667446019001297,-103.46444249153137
424,0,0,-67,0,-94,0,0,0,0,0,0,0,0,0,0,0,-63,0,0,-89,0,0,0,0,0,0,0,0,0,0,0,0,0,0,0,0,0,0,0,0,0,0,-55,0,0,-87,-61,0,-100,0,0,0,0,20.667446019001297,-103.46444249153137
425,0,0,-67,0,-94,0,0,0,0,0,0,0,0,0,0,0,-63,0,0,-89,0,0,0,0,0,0,0,0,0,0,0,0,0,0,0,0,0,0,0,0,0,0,-55,0,0,-87,-61,0,-100,0,0,0,0,20.667446019001297,-103.46444249153137
426,0,0,-66,0,-93,0,0,0,-94,0,0,0,0,0,0,0,-64,0,0,0,0,0,0,0,0,0,0,0,0,0,0,0,-101,0,0,0,0,0,0,0,0,0,-59,0,0,-86,-57,0,0,0,0,0,0,20.667446019001297,-103.46444249153137
427,0,0,-72,0,-92,0,0,0,-94,0,0,0,0,0,0,0,-58,0,0,0,0,0,0,0,0,0,0,0,0,0,0,0,-101,0,0,0,0,0,0,0,0,0,-66,0,0,-86,-65,0,0,0,0,0,0,20.667446019001297,-103.46444249153137
428,0,0,-72,0,-92,0,0,0,-94,0,0,0,0,0,0,0,-58,0,0,0,0,0,0,0,0,0,0,0,0,0,0,0,-101,0,0,0,0,0,0,0,0,0,-66,0,0,-86,-65,0,0,0,0,0,0,20.667446019001297,-103.46444249153137
429,0,0,-71,0,0,0,0,0,-96,0,0,0,0,0,0,0,-61,0,0,-92,0,0,0,0,0,0,0,0,0,0,0,0,0,0,0,0,0,0,0,0,0,0,-63,0,0,-90,-65,0,0,0,0,0,0,20.667446019001297,-103.46444249153137
430,0,0,-74,0,-92,0,0,0,-96,0,0,0,0,0,0,0,-64,0,0,-92,0,0,0,0,0,0,0,0,0,0,0,0,0,0,0,0,0,0,0,0,0,0,-62,0,0,-91,-63,0,0,0,0,0,0,20.667446019001297,-103.46444249153137
431,0,0,-74,0,-92,0,0,0,-96,0,0,0,0,0,0,0,-64,0,0,-92,0,0,0,0,0,0,0,0,0,0,0,0,0,0,0,0,0,0,0,0,0,0,-62,0,0,-91,-63,0,0,0,0,0,0,20.667446019001297,-103.46444249153137
432,0,0,-78,0,-96,0,0,0,0,0,0,0,0,0,0,0,-70,0,0,0,0,-85,0,0,0,0,0,0,0,0,0,0,0,0,0,0,0,0,0,0,0,0,-57,0,0,-95,-63,0,0,0,0,0,0,20.66743096143241,-103.4644391387701
433,0,0,-76,0,0,0,0,0,0,0,0,0,0,0,0,0,-69,0,0,0,0,0,0,0,0,0,0,0,0,0,0,0,0,0,0,0,0,0,0,0,0,0,-59,0,0,0,-66,0,0,0,0,0,0,20.66743096143241,-103.4644391387701
434,0,0,-76,0,0,0,0,0,0,0,0,0,0,0,0,0,-69,0,0,0,0,0,0,0,0,0,0,0,0,0,0,0,0,0,0,0,0,0,0,0,0,0,-59,0,0,0,-66,0,0,0,0,0,0,20.66743096143241,-103.4644391387701
435,0,0,-80,0,0,0,0,0,-98,0,0,0,0,-95,0,0,-77,0,0,0,0,0,0,0,0,0,0,0,0,0,0,0,0,0,0,0,0,0,0,0,0,0,-57,0,0,-90,-62,0,0,0,0,0,0,20.66743096143241,-103.4644391387701
436,0,0,-74,0,0,0,0,0,-95,0,0,0,0,-95,0,0,-68,0,0,-93,0,0,0,0,0,0,0,0,0,0,0,0,0,0,0,0,0,0,0,0,0,0,-57,0,0,-90,-67,0,0,0,0,0,0,20.66743096143241,-103.4644391387701
437,0,0,-74,0,0,0,0,0,-95,0,0,0,0,-95,0,0,-68,0,0,-93,0,0,0,0,0,0,0,0,0,0,0,0,0,0,0,0,0,0,0,0,0,0,-57,0,0,-90,-67,0,0,0,0,0,0,20.66743096143241,-103.4644391387701
438,0,0,-79,0,-95,0,0,0,-93,0,0,0,0,0,0,0,-73,0,0,-91,0,0,0,0,0,0,0,0,0,0,0,0,0,0,0,0,0,0,0,0,0,0,-58,0,0,-87,-65,0,0,0,0,0,0,20.66743096143241,-103.4644391387701
439,0,0,-79,0,0,0,0,0,-91,0,0,0,0,0,0,0,-71,0,0,-92,0,0,0,0,0,0,0,0,0,0,0,0,0,0,0,0,0,0,0,0,0,0,-58,0,0,-88,-68,0,0,0,0,0,0,20.66743096143241,-103.4644391387701
440,0,0,-79,0,0,0,0,0,-91,0,0,0,0,0,0,0,-71,0,0,-92,0,0,0,0,0,0,0,0,0,0,0,0,0,0,0,0,0,0,0,0,0,0,-58,0,0,-88,-68,0,0,0,0,0,0,20.66743096143241,-103.4644391387701
441,0,0,-74,0,-95,0,0,0,-93,0,0,0,0,0,0,0,-71,0,0,-87,0,0,0,0,0,0,0,0,0,0,0,0,0,0,0,0,0,0,0,0,0,0,-58,0,0,-87,-68,0,0,0,0,0,0,20.66743096143241,-103.4644391387701
442,0,0,-71,0,0,0,0,0,0,0,0,0,0,-98,0,0,-68,0,0,-94,0,0,0,0,0,0,0,0,0,0,0,0,0,0,0,0,0,0,0,0,0,0,-59,0,0,-95,-72,0,0,0,0,0,0,20.667419981954158,-103.46444182097912
443,0,0,-76,0,-97,0,0,0,0,0,0,0,0,0,0,0,-68,0,0,0,0,0,0,0,0,0,0,0,0,0,0,0,0,0,0,0,0,0,0,0,0,0,-62,0,0,-88,-65,0,0,0,0,0,0,20.667419981954158,-103.46444182097912
444,0,0,-77,0,-94,0,0,0,0,0,0,0,0,-96,0,0,-72,0,0,0,0,0,0,0,0,0,0,0,0,0,0,0,0,0,0,0,0,0,0,0,0,0,-61,0,0,-89,-64,0,0,0,0,0,0,20.667419981954158,-103.46444182097912
445,0,0,-77,0,-94,0,0,0,0,0,0,0,0,-96,0,0,-72,0,0,0,0,0,0,0,0,0,0,0,0,0,0,0,0,0,0,0,0,0,0,0,0,0,-61,0,0,-89,-64,0,0,0,0,0,0,20.667419981954158,-103.46444182097912
446,0,0,-70,0,0,0,0,0,-93,0,0,0,0,0,0,0,-70,0,0,-93,0,0,0,0,0,0,0,0,0,0,0,0,0,0,0,0,0,0,0,0,0,0,-60,0,0,0,-66,0,0,0,0,0,0,20.667419981954158,-103.46444182097912
447,0,0,-74,0,-93,0,0,0,0,0,0,0,0,0,0,0,-68,0,0,0,0,0,0,0,0,0,0,0,0,0,0,0,0,0,0,0,0,0,0,0,0,0,-59,0,0,-89,-66,0,0,0,0,0,0,20.667419981954158,-103.46444182097912
448,0,0,-74,0,-93,0,0,0,0,0,0,0,0,0,0,0,-68,0,0,0,0,0,0,0,0,0,0,0,0,0,0,0,0,0,0,0,0,0,0,0,0,0,-59,0,0,-89,-66,0,0,0,0,0,0,20.667419981954158,-103.46444182097912
449,0,0,-73,0,0,0,0,0,-91,0,0,0,0,0,0,0,-67,0,0,-90,0,0,0,0,0,0,0,0,0,0,0,0,0,0,0,0,0,0,0,0,0,0,-62,0,0,0,-76,0,0,0,0,0,0,20.667419981954158,-103.46444182097912
450,0,0,-81,0,0,0,0,0,-91,0,0,0,0,0,0,0,-66,0,0,-90,0,0,0,0,0,0,0,0,0,-98,0,0,0,0,0,0,0,0,0,0,0,0,-62,0,0,-91,-73,0,0,0,0,0,0,20.667419981954158,-103.46444182097912
451,0,0,-81,0,0,0,0,0,-91,0,0,0,0,0,0,0,-66,0,0,-90,0,0,0,0,0,0,0,0,0,-98,0,0,0,0,0,0,0,0,0,0,0,0,-62,0,0,-91,-73,0,0,0,0,0,0,20.667419981954158,-103.46444182097912
452,0,0,-79,0,0,0,0,0,0,0,0,0,0,-95,0,0,-74,0,0,0,0,0,0,0,0,0,0,0,0,0,0,0,0,0,0,0,0,0,0,0,0,0,-76,0,0,-91,-65,0,0,0,0,0,0,20.66740272848673,-103.46445824950933
453,0,0,-79,0,0,0,0,0,0,0,0,0,0,-95,0,0,-74,0,0,0,0,0,0,0,0,0,0,0,0,0,0,0,0,0,0,0,0,0,0,0,0,0,-76,0,0,-91,-65,0,0,0,0,0,0,20.66740272848673,-103.46445824950933
454,0,0,-76,0,-91,0,0,0,0,0,0,0,0,0,-96,0,-77,0,0,0,0,0,0,0,0,0,0,0,0,0,0,0,0,0,0,0,0,0,0,0,0,0,-70,0,0,-88,-64,0,0,0,0,0,0,20.66740272848673,-103.46445824950933
455,0,0,-74,0,-91,0,0,0,0,0,0,0,0,0,-97,0,-71,0,0,0,0,0,0,0,0,0,0,0,0,0,0,0,0,0,0,0,0,0,0,0,0,0,-71,0,0,-90,-68,0,0,0,0,0,0,20.66740272848673,-103.46445824950933
456,0,0,-74,0,-91,0,0,0,0,0,0,0,0,0,-97,0,-71,0,0,0,0,0,0,0,0,0,0,0,0,0,0,0,0,0,0,0,0,0,0,0,0,0,-71,0,0,-90,-68,0,0,0,0,0,0,20.66740272848673,-103.46445824950933
457,0,0,-78,0,-90,0,0,0,0,0,0,0,0,0,0,0,-68,0,0,0,0,0,0,0,0,0,0,0,0,-96,0,0,0,0,0,0,0,0,-94,0,0,0,-71,0,0,0,-68,0,0,0,0,0,0,20.66740272848673,-103.46445824950933
458,0,0,-79,0,-94,0,0,0,0,0,0,0,0,0,-94,0,-71,0,0,0,0,0,0,0,0,0,0,0,0,0,0,0,0,0,0,0,0,0,-97,0,0,0,-72,0,0,-90,-70,0,0,0,0,0,0,20.66740272848673,-103.46445824950933
459,0,0,-79,0,-94,0,0,0,0,0,0,0,0,0,-94,0,-71,0,0,0,0,0,0,0,0,0,0,0,0,0,0,0,0,0,0,0,0,0,-97,0,0,0,-72,0,0,-90,-70,0,0,0,0,0,0,20.66740272848673,-103.46445824950933
460,0,0,-78,0,-90,0,0,0,-98,0,0,0,0,0,0,0,-71,0,0,-95,0,0,0,0,0,0,0,0,0,0,0,0,0,0,0,0,0,0,0,0,0,0,-74,0,0,-90,-66,0,0,0,0,0,0,20.66740272848673,-103.46445824950933
461,0,0,-78,0,-91,0,0,0,0,0,0,0,0,-97,0,0,-73,0,0,0,0,0,0,0,0,0,0,0,0,0,0,0,0,0,0,0,0,0,0,0,0,0,-69,0,0,0,-67,0,0,0,0,0,0,20.66740272848673,-103.46445824950933
462,0,0,-70,0,0,0,0,0,0,0,0,0,0,0,0,0,-70,-95,0,-91,0,0,0,0,0,0,0,0,0,-93,0,0,0,0,0,0,0,0,0,0,0,0,-64,0,0,-84,-67,-93,0,0,0,0,0,20.66740178738845,-103.46448104828596
463,0,0,-75,0,-92,0,0,0,0,0,0,0,0,0,0,0,-72,-96,0,-91,0,-72,0,0,0,0,0,0,0,-92,0,0,0,0,0,0,0,0,0,0,0,0,-65,0,0,-87,-68,-93,0,0,0,0,0,20.66740178738845,-103.46448104828596
464,0,0,-75,0,-92,0,0,0,0,0,0,0,0,0,0,0,-72,-96,0,-91,0,-72,0,0,0,0,0,0,0,-92,0,0,0,0,0,0,0,0,0,0,0,0,-65,0,0,-87,-68,-93,0,0,0,0,0,20.66740178738845,-103.46448104828596
465,0,0,-69,0,-94,0,0,0,-95,0,0,0,0,0,0,0,-70,0,0,0,-88,0,0,0,0,0,0,-92,0,0,0,0,0,0,0,0,0,0,0,0,0,0,-64,0,0,-85,-69,0,0,0,0,0,0,20.66740178738845,-103.46448104828596
466,0,0,-70,0,-94,0,0,0,-93,0,0,0,0,0,0,0,-72,-97,0,0,-89,0,0,0,0,0,0,-92,0,0,0,0,-93,0,0,0,0,0,0,0,0,0,-63,0,0,-86,-67,-96,0,0,0,0,0,20.66740178738845,-103.46448104828596
467,0,0,-70,0,-94,0,0,0,-93,0,0,0,0,0,0,0,-72,-97,0,0,-89,0,0,0,0,0,0,-92,0,0,0,0,-93,0,0,0,0,0,0,0,0,0,-63,0,0,-86,-67,-96,0,0,0,0,0,20.66740178738845,-103.46448104828596
468,0,0,-68,0,0,0,0,0,-93,0,0,0,0,0,0,0,-71,0,0,0,-90,0,0,0,0,0,0,-94,0,0,0,0,0,0,0,0,0,0,0,0,0,0,-63,0,0,-85,-67,0,0,0,0,0,0,20.66740178738845,-103.46448104828596
469,0,0,-70,0,-91,0,0,0,-94,0,0,0,0,0,0,0,-71,0,0,0,-90,0,0,0,0,0,0,-94,0,-95,0,0,0,0,0,0,0,0,0,0,0,0,-65,0,0,-87,-64,-98,0,0,0,0,0,20.66740178738845,-103.46448104828596
470,0,0,-70,0,-91,0,0,0,-94,0,0,0,0,0,0,0,-71,0,0,0,-90,0,0,0,0,0,0,-94,0,-95,0,0,0,0,0,0,0,0,0,0,0,0,-65,0,0,-87,-64,-98,0,0,0,0,0,20.66740178738845,-103.46448104828596
471,0,0,-77,0,0,0,0,0,0,0,0,0,0,-94,0,0,-75,0,0,0,-90,-72,0,0,0,0,0,0,0,0,0,0,0,0,0,0,0,0,0,0,0,0,-64,0,0,-84,-69,0,0,0,0,0,0,20.66740178738845,-103.46448104828596
472,0,0,-67,0,-93,0,0,0,-95,0,0,0,0,0,-91,0,-66,0,0,-89,-90,0,0,0,0,0,0,0,0,0,0,0,0,0,0,0,0,0,0,0,0,0,-65,0,0,-81,-71,0,0,0,0,0,0,20.667419354555385,-103.46448104828596
473,0,0,-67,0,-93,0,0,0,-95,0,0,0,0,0,-91,0,-66,0,0,-89,-90,0,0,0,0,0,0,0,0,0,0,0,0,0,0,0,0,0,0,0,0,0,-65,0,0,-81,-71,0,0,0,0,0,0,20.667419354555385,-103.46448104828596
474,0,0,-68,0,-91,0,0,0,0,0,0,0,0,-99,-94,0,-66,0,0,-89,-91,0,0,0,0,0,0,0,0,0,0,0,0,0,0,0,0,0,0,0,0,0,-67,0,0,-82,-69,0,0,0,0,0,0,20.667419354555385,-103.46448104828596
475,0,0,-67,0,-91,0,0,0,0,0,0,0,0,-99,-94,0,-67,0,0,-90,-91,0,0,0,0,0,0,0,0,0,0,0,0,0,0,0,0,0,0,0,0,0,-61,0,0,-83,-73,0,0,0,0,0,0,20.667419354555385,-103.46448104828596
476,0,0,-67,0,-91,0,0,0,0,0,0,0,0,-99,-94,0,-67,0,0,-90,-91,0,0,0,0,0,0,0,0,0,0,0,0,0,0,0,0,0,0,0,0,0,-61,0,0,-83,-73,0,0,0,0,0,0,20.667419354555385,-103.46448104828596
477,0,0,-66,0,-93,0,0,0,0,0,0,0,0,0,0,0,-63,0,0,0,0,-72,0,0,0,0,0,0,0,-96,0,0,0,0,0,0,0,0,0,0,0,0,-61,0,0,-86,-73,0,0,0,0,0,0,20.667419354555385,-103.46448104828596
478,0,0,-68,0,0,0,0,0,-95,0,0,0,0,0,0,0,-64,0,0,-93,0,0,0,0,0,0,0,0,0,0,0,0,0,0,0,0,0,0,0,0,0,0,-68,0,0,-85,-73,0,0,0,0,0,0,20.667419354555385,-103.46448104828596
479,0,0,-68,0,0,0,0,0,-95,0,0,0,0,0,0,0,-64,0,0,-93,0,0,0,0,0,0,0,0,0,0,0,0,0,0,0,0,0,0,0,0,0,0,-68,0,0,-85,-73,0,0,0,0,0,0,20.667419354555385,-103.46448104828596
480,0,0,-67,0,-94,0,0,0,0,0,0,0,0,0,-95,0,-66,0,0,-89,0,-72,0,0,0,0,0,0,0,0,0,0,0,0,0,0,0,0,0,0,0,0,-64,0,0,-84,-70,0,0,0,0,0,0,20.667419354555385,-103.46448104828596
481,0,0,-68,0,0,0,0,0,-97,0,0,0,0,0,0,0,-65,0,0,0,0,0,0,0,0,0,0,0,0,0,0,0,0,0,-96,0,0,0,0,0,0,0,-66,0,0,-85,-72,0,0,0,0,0,0,20.667419354555385,-103.46448104828596
482,0,0,-68,0,0,0,0,0,0,0,0,0,0,0,-94,0,-76,0,0,0,0,-77,0,0,0,0,0,0,0,0,0,0,0,0,0,0,0,0,0,0,0,0,-66,0,0,-86,-69,0,0,0,0,0,0,20.667435039524126,-103.4644840657711
483,0,0,-68,0,0,0,0,0,0,0,0,0,0,0,-94,0,-76,0,0,0,0,-77,0,0,0,0,0,0,0,0,0,0,0,0,0,0,0,0,0,0,0,0,-66,0,0,-86,-69,0,0,0,0,0,0,20.667435039524126,-103.4644840657711
484,0,0,-68,0,0,0,0,0,0,0,0,0,0,0,0,0,-65,-102,0,0,0,-74,0,0,0,0,0,0,0,-94,0,0,0,0,-96,0,0,0,0,0,0,0,-65,0,0,-87,-68,0,0,0,0,0,0,20.667435039524126,-103.4644840657711
485,0,0,-68,0,0,0,0,0,0,0,0,0,0,0,-94,0,-63,0,0,-96,0,0,0,0,0,0,0,0,0,-95,0,-95,0,0,0,0,0,0,0,0,0,0,-64,0,0,-86,-70,0,0,0,0,0,0,20.667435039524126,-103.4644840657711
486,0,0,-68,0,0,0,0,0,0,0,0,0,0,0,-94,0,-63,0,0,-96,0,0,0,0,0,0,0,0,0,-95,0,-95,0,0,0,0,0,0,0,0,0,0,-64,0,0,-86,-70,0,0,0,0,0,0,20.667435039524126,-103.4644840657711
487,0,0,-69,0,0,0,0,0,0,0,0,0,0,0,0,0,-66,0,0,0,0,-76,0,0,0,0,0,0,0,0,0,0,0,0,0,0,0,0,0,0,0,0,-64,0,0,-86,-67,0,0,0,0,0,0,20.667435039524126,-103.4644840657711
488,0,0,-68,0,0,0,0,0,0,0,0,0,0,0,0,0,-68,0,0,0,0,-74,0,0,0,0,0,0,0,0,0,0,0,0,0,0,0,0,0,0,0,0,-66,0,0,-86,-73,0,0,0,0,0,0,20.667435039524126,-103.4644840657711
489,0,0,-68,0,0,0,0,0,0,0,0,0,0,0,0,0,-68,0,0,0,0,-74,0,0,0,0,0,0,0,0,0,0,0,0,0,0,0,0,0,0,0,0,-66,0,0,-86,-73,0,0,0,0,0,0,20.667435039524126,-103.4644840657711
490,0,0,-70,0,0,0,0,0,0,0,0,0,0,0,0,0,-67,0,0,-88,0,-79,0,0,0,0,0,0,0,0,0,0,0,0,0,0,0,0,0,0,0,0,-66,0,0,-88,-68,0,0,0,0,0,0,20.667435039524126,-103.4644840657711
491,0,0,-68,0,0,0,0,0,0,0,0,0,0,0,-98,0,-66,0,0,-92,-92,-75,0,0,0,0,0,0,0,0,0,-96,0,0,0,0,0,0,0,0,0,0,-66,0,0,-85,-68,0,0,0,0,0,0,20.667435039524126,-103.4644840657711
492,0,0,-71,0,0,0,-98,0,0,0,0,0,0,0,-96,0,-74,0,0,-87,0,0,0,0,0,0,0,0,0,0,0,-93,0,0,-99,0,0,0,0,0,0,0,-62,0,0,-84,-71,0,0,0,0,0,0,20.6674488422953,-103.46449177712202
493,0,0,-71,0,0,0,-98,0,0,0,0,0,0,0,-96,0,-74,0,0,-87,0,0,0,0,0,0,0,0,0,0,0,-93,0,0,-99,0,0,0,0,0,0,0,-62,0,0,-84,-71,0,0,0,0,0,0,20.6674488422953,-103.46449177712202
494,0,0,-64,0,0,0,0,0,0,0,0,0,0,-94,-97,0,-67,0,0,0,0,0,0,0,0,0,0,0,0,0,0,0,0,0,0,0,-98,0,0,0,0,0,-63,0,0,-85,-73,0,0,0,0,0,0,20.6674488422953,-103.46449177712202
495,0,0,-67,0,0,0,0,0,0,0,0,0,0,-94,-98,0,-67,0,0,0,0,0,0,0,0,0,0,0,0,0,0,0,0,0,-95,0,-98,0,0,0,0,0,-63,0,0,-84,-71,0,0,0,0,0,0,20.6674488422953,-103.46449177712202
496,0,0,-67,0,0,0,0,0,0,0,0,0,0,-94,-98,0,-67,0,0,0,0,0,0,0,0,0,0,0,0,0,0,0,0,0,-95,0,-98,0,0,0,0,0,-63,0,0,-84,-71,0,0,0,0,0,0,20.6674488422953,-103.46449177712202
497,0,0,-63,0,0,0,0,0,0,0,0,0,0,0,0,0,-69,0,0,0,0,0,0,0,0,0,0,0,0,0,0,-92,0,0,0,0,0,0,0,0,0,0,-63,0,0,-84,-72,0,0,0,0,0,0,20.6674488422953,-103.46449177712202
498,0,0,-66,0,0,0,0,0,0,0,0,0,0,-96,-95,0,-67,0,0,0,0,-76,0,0,0,0,0,0,0,0,0,-99,0,0,-96,0,0,0,0,0,0,0,-64,0,0,-87,-71,0,0,0,0,0,0,20.6674488422953,-103.46449177712202
499,0,0,-66,0,0,0,0,0,0,0,0,0,0,-96,-95,0,-67,0,0,0,0,-76,0,0,0,0,0,0,0,0,0,-99,0,0,-96,0,0,0,0,0,0,0,-64,0,0,-87,-71,0,0,0,0,0,0,20.6674488422953,-103.46449177712202
500,0,0,-67,0,-97,0,0,0,0,0,0,0,0,0,0,0,-67,0,0,0,0,0,0,0,0,0,0,0,0,-94,0,0,0,0,0,0,0,0,0,0,0,0,-62,0,0,-87,-77,0,0,0,0,0,0,20.6674488422953,-103.46449177712202
501,0,0,-67,0,-97,0,0,0,0,0,0,0,0,0,-96,0,-68,0,0,-91,0,-76,0,0,0,0,0,0,0,-94,0,-94,0,0,0,0,0,0,0,0,0,0,-63,0,0,-83,-71,0,0,0,0,0,0,20.6674488422953,-103.46449177712202
502,0,0,-67,0,0,0,-96,0,0,0,0,0,0,0,0,0,-72,0,0,-85,0,-74,0,0,0,0,0,0,0,-95,0,0,0,0,0,0,-94,0,0,0,0,0,-62,0,0,-90,-71,0,0,0,0,0,0,20.667464840960296,-103.46448875963688
503,0,0,-71,0,0,0,-95,0,0,0,0,0,0,0,0,0,-74,0,0,-88,0,-70,0,0,0,0,0,0,0,-93,0,-94,0,0,0,0,-99,0,0,0,0,0,-63,0,0,-86,-71,0,0,0,0,0,0,20.667464840960296,-103.46448875963688
504,0,0,-71,0,0,0,-95,0,0,0,0,0,0,0,0,0,-74,0,0,-88,0,-70,0,0,0,0,0,0,0,-93,0,-94,0,0,0,0,-99,0,0,0,0,0,-63,0,0,-86,-71,0,0,0,0,0,0,20.667464840960296,-103.46448875963688
505,0,0,-70,0,0,0,-96,0,0,0,0,0,0,0,0,0,-72,0,0,0,-86,0,0,-82,0,0,0,0,0,0,0,0,0,0,0,0,-94,0,0,0,0,-98,-62,0,0,-85,-72,0,0,0,0,0,0,20.667464840960296,-103.46448875963688
506,0,0,-69,0,0,0,0,0,0,0,0,0,0,0,-96,0,-70,0,0,-90,0,0,0,-83,0,0,0,0,0,0,0,-96,0,0,0,0,0,0,0,0,0,0,-61,0,0,-86,-71,0,0,0,0,0,0,20.667464840960296,-103.46448875963688
507,0,0,-69,0,0,0,0,0,0,0,0,0,0,0,-96,0,-70,0,0,-90,0,0,0,-83,0,0,0,0,0,0,0,-96,0,0,0,0,0,0,0,0,0,0,-61,0,0,-86,-71,0,0,0,0,0,0,20.667464840960296,-103.46448875963688
508,0,0,-67,0,0,0,0,0,0,0,0,0,0,0,0,0,-70,0,0,0,0,0,0,0,0,0,0,0,0,0,0,0,0,0,0,0,-93,0,0,0,0,0,-62,0,0,-85,-75,0,0,0,0,0,0,20.667464840960296,-103.46448875963688
509,0,0,-66,0,0,0,0,0,0,0,0,0,0,0,0,0,-71,0,0,-88,0,0,0,0,0,0,0,0,0,-94,0,0,0,0,0,0,-92,0,0,0,0,0,-62,0,0,-87,-75,0,0,0,0,0,0,20.667464840960296,-103.46448875963688
510,0,0,-66,0,0,0,0,0,0,0,0,0,0,0,0,0,-71,0,0,-88,0,0,0,0,0,0,0,0,0,-94,0,0,0,0,0,0,-92,0,0,0,0,0,-62,0,0,-87,-75,0,0,0,0,0,0,20.667464840960296,-103.46448875963688
511,0,0,-65,0,0,0,0,0,0,0,0,0,0,0,0,0,-74,0,0,-89,0,0,0,-84,0,0,0,0,0,0,0,-97,0,0,0,0,-95,0,0,0,0,0,-62,0,0,-86,-75,0,0,0,0,0,0,20.667464840960296,-103.46448875963688
