,ap0,ap1,ap2,ap3,ap4,ap5,ap6,ap7,ap8,ap9,ap10,ap11,ap12,ap13,ap14,ap15,ap16,ap17,ap18,ap19,ap20,ap21,ap22,ap23,ap24,ap25,ap26,ap27,ap28,ap29,ap30,ap31,ap32,ap33,ap34,ap35,ap36,ap37,ap38,ap39,ap40,ap41,ap42,ap43,ap44,ap45,ap46,ap47,ap48,ap49,ap50,ap51,ap52,result_x,result_y,result_z
0,0,0,-63,0,0,0,-94,-96,0,0,0,0,0,-91,-94,0,-70,0,0,-84,0,-68,0,0,0,0,0,0,0,0,0,0,0,0,0,0,-94,0,0,0,0,-92,-67,0,0,-87,-84,0,0,0,0,0,0,20.667486799909522,-103.46449747681618,0
1,0,0,-65,0,0,0,-91,-96,0,0,0,0,0,-93,-96,0,-65,0,0,-87,0,-72,0,0,0,0,0,0,0,0,0,0,0,0,-96,0,-94,0,0,0,0,-90,-64,0,0,-85,-75,0,0,0,0,0,0,20.667486799909522,-103.46449747681618,0
2,0,0,-65,0,0,0,-91,-96,0,0,0,0,0,-93,-96,0,-65,0,0,-87,0,-72,0,0,0,0,0,0,0,0,0,0,0,0,-96,0,-94,0,0,0,0,-90,-64,0,0,-85,-75,0,0,0,0,0,0,20.667486799909522,-103.46449747681618,0
3,0,0,-65,0,-97,0,-94,0,0,0,0,0,0,-93,-90,0,-71,0,0,-85,0,-77,0,0,0,0,0,0,0,0,0,0,0,0,0,0,0,0,0,0,0,-97,-61,0,0,-84,-76,0,0,0,-96,0,0,20.667486799909522,-103.46449747681618,0
4,0,0,-65,0,-97,0,-94,0,-93,0,0,0,0,-93,-90,0,-70,0,0,-90,0,-76,0,0,0,0,0,0,0,0,0,0,0,0,-94,0,0,0,0,-97,0,-97,-64,0,0,-74,-74,0,0,0,-96,0,0,20.667486799909522,-103.46449747681618,0
5,0,0,-65,0,-97,0,-94,0,-93,0,0,0,0,-93,-90,0,-70,0,0,-90,0,-76,0,0,0,0,0,0,0,0,0,0,0,0,-94,0,0,0,0,-97,0,-97,-64,0,0,-74,-74,0,0,0,-96,0,0,20.667486799909522,-103.46449747681618,0
6,0,0,-67,0,0,0,-93,-95,0,0,0,0,0,0,-95,0,-70,0,0,-85,0,0,0,0,0,0,0,0,0,0,0,0,0,0,0,0,-95,0,0,0,0,-91,-63,0,0,-81,-67,0,0,0,0,0,0,20.667486799909522,-103.46449747681618,0
7,0,0,-67,0,0,0,-91,-95,0,0,0,0,0,-94,-95,0,-66,0,0,-85,0,0,0,0,0,0,0,0,0,0,0,0,0,0,0,0,-95,0,0,0,0,-92,-66,0,0,-84,-71,0,0,0,0,0,0,20.667486799909522,-103.46449747681618,0
8,0,0,-67,0,0,0,-91,-95,0,0,0,0,0,-94,-95,0,-66,0,0,-85,0,0,0,0,0,0,0,0,0,0,0,0,0,0,0,0,-95,0,0,0,0,-92,-66,0,0,-84,-71,0,0,0,0,0,0,20.667486799909522,-103.46449747681618,0
9,0,0,-63,0,0,0,0,-93,0,0,0,-93,0,0,0,0,-67,0,0,-83,0,-73,0,0,0,0,0,0,0,0,0,0,0,0,0,0,-95,0,0,0,0,0,-66,0,0,-88,-70,0,0,0,0,0,0,20.667486799909522,-103.46449747681618,0
10,0,0,-64,0,-97,0,0,0,0,0,0,0,0,0,0,-91,-71,-93,0,-88,0,-66,0,0,0,0,0,0,0,-88,0,0,0,0,0,0,-96,0,0,0,0,-97,-57,0,0,-84,-78,0,0,0,0,0,0,20.667507190359533,-103.4645015001297,0
11,0,0,-64,0,-97,0,0,0,0,0,0,0,0,0,0,-91,-71,-93,0,-88,0,-66,0,0,0,0,0,0,0,-88,0,0,0,0,0,0,-96,0,0,0,0,-97,-57,0,0,-84,-78,0,0,0,0,0,0,20.667507190359533,-103.4645015001297,0
12,-98,0,-65,0,-99,0,-94,0,0,0,0,0,0,0,0,-92,-74,-92,0,-86,0,0,0,0,0,0,0,0,0,-89,0,0,0,0,0,0,0,0,0,0,0,-97,-55,0,0,-89,-80,0,0,0,0,0,0,20.667507190359533,-103.4645015001297,0
13,-94,0,-62,0,-99,0,-94,0,0,0,0,0,0,0,0,-92,-74,-96,0,-84,0,0,0,0,0,0,0,0,0,-87,0,0,0,0,0,0,0,0,0,0,0,-97,-56,0,0,-83,-73,0,0,0,0,0,0,20.667507190359533,-103.4645015001297,0
14,-94,0,-62,0,-99,0,-94,0,0,0,0,0,0,0,0,-92,-74,-96,0,-84,0,0,0,0,0,0,0,0,0,-87,0,0,0,0,0,0,0,0,0,0,0,-97,-56,0,0,-83,-73,0,0,0,0,0,0,20.667507190359533,-103.4645015001297,0
15,0,0,-62,0,0,0,0,0,0,0,0,0,0,-93,0,0,-75,0,0,-85,0,0,0,0,0,0,0,0,0,-88,0,0,0,0,-96,0,-93,0,0,0,0,0,-56,0,0,-82,-71,0,0,0,-96,0,0,20.667507190359533,-103.4645015001297,0
16,0,0,-61,0,0,0,0,0,0,0,0,0,0,-93,0,0,-74,-94,0,-87,-84,0,0,0,0,0,0,0,0,-90,0,0,0,0,-89,0,-97,0,0,0,0,0,-55,0,0,-77,-71,0,0,0,-96,0,0,20.667507190359533,-103.4645015001297,0
17,0,0,-61,0,0,0,0,0,0,0,0,0,0,-93,0,0,-74,-94,0,-87,-84,0,0,0,0,0,0,0,0,-90,0,0,0,0,-89,0,-97,0,0,0,0,0,-55,0,0,-77,-71,0,0,0,-96,0,0,20.667507190359533,-103.4645015001297,0
18,0,0,-60,0,0,0,0,0,0,0,0,0,0,0,0,0,-72,-99,0,0,0,0,0,-80,0,0,0,0,0,-87,0,0,0,0,-94,0,0,0,0,0,0,0,-57,0,0,-88,-74,0,0,0,-95,0,0,20.667507190359533,-103.4645015001297,0
19,0,0,-63,0,0,0,0,0,0,0,0,0,0,0,0,0,-69,-99,0,-86,-85,0,0,-83,0,0,0,0,0,-89,0,0,0,0,-92,0,0,0,0,0,0,0,-55,0,0,-80,-75,0,0,0,-95,0,0,20.667507190359533,-103.4645015001297,0
20,0,0,-61,0,0,0,0,0,0,0,0,0,0,0,-94,0,-68,0,0,0,0,0,0,0,0,0,0,0,0,-93,0,0,0,0,0,0,0,0,0,0,0,0,-52,0,0,-79,-76,0,0,0,0,0,0,20.667512209546807,-103.46447434276342,0
21,0,0,-62,0,0,0,-96,0,0,0,0,0,0,0,-96,-94,-69,0,0,0,0,-73,0,0,0,0,0,0,0,-91,0,0,0,0,0,0,0,0,0,0,0,0,-54,0,0,-79,-73,0,0,0,0,0,0,20.667512209546807,-103.46447434276342,0
22,0,0,-62,0,0,0,-96,0,0,0,0,0,0,0,-96,-94,-69,0,0,0,0,-73,0,0,0,0,0,0,0,-91,0,0,0,0,0,0,0,0,0,0,0,0,-54,0,0,-79,-73,0,0,0,0,0,0,20.667512209546807,-103.46447434276342,0
23,0,0,-63,0,0,0,0,0,0,0,0,0,0,0,0,-93,-69,0,0,-93,0,0,0,0,0,0,0,0,0,-88,0,0,0,0,0,0,-95,0,0,0,0,0,-51,0,0,-78,-74,0,0,0,0,0,0,20.667512209546807,-103.46447434276342,0
24,0,0,-64,0,0,0,0,0,0,0,0,0,0,0,-88,0,-69,0,0,0,0,-73,0,0,0,0,0,0,0,0,0,0,0,0,0,0,-93,0,0,0,0,0,-52,0,0,-82,-77,0,0,0,0,0,0,20.667512209546807,-103.46447434276342,0
25,0,0,-64,0,0,0,0,0,0,0,0,0,0,0,-88,0,-69,0,0,0,0,-73,0,0,0,0,0,0,0,0,0,0,0,0,0,0,-93,0,0,0,0,0,-52,0,0,-82,-77,0,0,0,0,0,0,20.667512209546807,-103.46447434276342,0
26,0,0,-62,0,0,0,0,0,0,0,0,0,0,0,0,0,-71,0,0,-94,0,0,0,0,0,0,0,0,0,-89,0,0,0,0,0,0,-97,0,0,0,0,0,-51,0,0,-81,-78,0,0,0,0,0,0,20.667512209546807,-103.46447434276342,0
27,0,0,-64,0,0,0,0,0,0,0,0,0,0,0,-95,-95,-67,0,0,-90,0,-74,0,0,0,0,0,0,0,-87,0,0,0,0,0,0,-97,0,0,0,0,0,-51,0,0,-80,-76,0,0,0,0,0,0,20.667512209546807,-103.46447434276342,0
28,0,0,-64,0,0,0,0,0,0,0,0,0,0,0,-95,-95,-67,0,0,-90,0,-74,0,0,0,0,0,0,0,-87,0,0,0,0,0,0,-97,0,0,0,0,0,-51,0,0,-80,-76,0,0,0,0,0,0,20.667512209546807,-103.46447434276342,0
29,0,0,-65,0,0,0,-96,0,0,0,0,0,0,0,0,0,-69,0,0,0,0,0,0,0,0,0,0,0,0,-89,0,0,0,0,0,0,-97,0,0,0,0,0,-52,0,0,-77,-77,0,0,0,0,0,0,20.667512209546807,-103.46447434276342,0
30,0,0,-74,0,0,0,0,0,0,0,0,0,0,0,0,0,-67,0,0,0,0,-77,0,0,0,0,0,0,0,-97,0,0,0,0,0,0,0,0,-95,0,0,0,-59,0,0,-85,-64,0,0,0,0,0,0,20.667489309503523,-103.46444718539715,0
31,0,0,-76,0,-97,0,0,0,0,0,0,0,0,0,0,0,-68,0,0,0,0,-77,0,0,0,0,0,0,0,0,0,0,0,0,0,0,0,0,0,0,0,0,-56,-99,0,-87,-66,-97,0,0,0,0,0,20.667489309503523,-103.46444718539715,0
32,0,0,-76,0,-97,0,0,0,0,0,0,0,0,0,0,0,-68,0,0,0,0,-77,0,0,0,0,0,0,0,0,0,0,0,0,0,0,0,0,0,0,0,0,-56,-99,0,-87,-66,-97,0,0,0,0,0,20.667489309503523,-103.46444718539715,0
33,0,0,-77,0,-96,0,0,0,0,-97,0,0,0,0,-94,0,-69,0,0,0,0,-82,0,0,0,0,0,0,0,0,0,0,0,0,0,0,0,0,-97,0,0,0,-57,0,0,0,-67,0,0,0,0,0,0,20.667489309503523,-103.46444718539715,0
34,0,0,-81,0,-96,0,0,0,0,-97,0,0,0,0,-94,0,-68,0,0,-90,0,-82,0,0,0,0,0,0,0,0,0,0,0,0,0,0,0,0,-97,0,0,-96,-56,0,0,-86,-67,0,0,0,0,0,0,20.667489309503523,-103.46444718539715,0
35,0,0,-81,0,-96,0,0,0,0,-97,0,0,0,0,-94,0,-68,0,0,-90,0,-82,0,0,0,0,0,0,0,0,0,0,0,0,0,0,0,0,-97,0,0,-96,-56,0,0,-86,-67,0,0,0,0,0,0,20.667489309503523,-103.46444718539715,0
36,0,0,-78,0,0,0,0,0,0,-95,0,0,0,0,0,0,-67,0,0,0,0,0,0,0,0,0,0,0,0,0,0,0,0,0,0,0,0,0,0,0,0,0,-58,0,0,-85,-67,0,0,0,0,0,0,20.667489309503523,-103.46444718539715,0
37,0,0,-73,0,0,0,0,0,0,-95,0,0,0,0,0,0,-73,0,0,0,0,0,0,0,0,0,0,0,0,0,0,0,0,0,0,0,0,0,-96,0,0,0,-57,0,0,-88,-67,-94,0,0,0,0,0,20.667489309503523,-103.46444718539715,0
38,0,0,-73,0,0,0,0,0,0,-95,0,0,0,0,0,0,-73,0,0,0,0,0,0,0,0,0,0,0,0,0,0,0,0,0,0,0,0,0,-96,0,0,0,-57,0,0,-88,-67,-94,0,0,0,0,0,20.667489309503523,-103.46444718539715,0
39,0,0,-64,0,-87,0,-87,0,-91,0,0,0,0,0,0,0,-56,0,0,-89,0,-82,0,0,0,0,-97,0,0,-83,0,0,0,0,-90,0,0,0,0,0,0,-91,-45,-93,0,-70,-59,-90,0,0,0,0,0,20.667489309503523,-103.46444718539715,0
40,0,0,-64,0,-87,0,-87,0,-91,0,0,0,0,0,0,0,-56,0,0,-89,0,-82,0,0,0,0,-97,0,0,-83,0,0,0,0,-90,0,0,0,0,0,0,-91,-45,-93,0,-70,-59,-90,0,0,0,0,0,20.667504053367406,-103.4644377976656,0
41,0,0,-64,0,-87,0,0,0,0,0,0,0,0,0,0,0,-56,0,0,0,0,0,0,0,0,0,0,0,0,-83,0,0,0,0,-90,0,0,0,0,0,0,0,-45,-93,0,0,-59,-90,0,0,0,0,0,20.667504053367406,-103.4644377976656,0
42,0,0,-64,0,-87,0,0,0,0,0,0,0,0,0,0,0,-57,0,0,0,0,0,0,0,0,0,0,0,0,-83,0,0,0,0,-90,0,0,0,0,0,0,0,-45,-93,0,0,-59,-90,0,0,0,0,0,20.667504053367406,-103.4644377976656,0
43,0,0,-60,0,-87,0,-88,0,-91,0,0,0,0,0,0,0,-57,0,0,0,0,-92,0,0,-85,0,0,0,0,-83,0,0,0,0,-90,0,0,0,0,0,0,0,-46,-93,0,-80,-59,-90,0,0,0,0,0,20.667504053367406,-103.4644377976656,0
44,0,0,-60,0,0,0,-88,0,-91,0,0,0,0,0,0,0,-57,0,0,0,0,-92,0,0,-85,0,0,0,0,0,0,0,0,0,-90,0,0,0,0,0,0,0,-46,-93,0,-80,-59,-90,0,0,0,0,0,20.667504053367406,-103.4644377976656,0
45,0,0,-60,0,0,0,-88,0,-91,0,0,0,0,0,0,0,-57,0,0,0,0,-92,0,0,-85,0,0,0,0,0,0,0,0,0,-90,0,0,0,0,0,0,0,-46,-93,0,-80,-59,-90,0,0,0,0,0,20.667504053367406,-103.4644377976656,0
46,0,0,-63,0,-91,0,-88,0,-91,0,0,0,0,0,0,0,-57,0,0,0,0,-92,0,0,-85,0,0,0,0,-87,0,0,0,0,-90,0,0,0,0,0,0,0,-48,-93,0,-81,-61,-90,0,0,0,0,0,20.667504053367406,-103.4644377976656,0
47,0,0,-63,0,-91,0,-88,0,-91,0,0,0,0,0,0,0,-57,0,0,0,0,-92,0,0,-85,0,0,0,0,-87,0,0,0,0,0,0,0,0,0,0,0,0,-48,0,0,-81,-61,0,0,0,0,0,0,20.667504053367406,-103.4644377976656,0
48,0,0,-63,0,-91,0,-88,0,-91,0,0,0,0,0,0,0,-58,0,0,0,0,-92,0,0,-85,0,0,0,0,-87,0,0,0,0,0,0,0,0,0,0,0,0,-48,0,0,-81,-61,0,0,0,0,0,0,20.667504053367406,-103.4644377976656,0
49,0,0,-63,0,-91,0,-88,0,-91,0,0,0,0,0,0,0,-57,0,0,0,0,-92,0,0,-85,-85,0,0,0,-88,0,0,0,0,-90,0,0,0,0,0,0,0,-48,0,0,-81,-60,0,0,0,0,0,0,20.667504053367406,-103.4644377976656,0
50,0,0,-63,0,-91,0,0,0,0,0,0,0,0,0,0,0,-58,0,0,0,0,0,0,0,0,-85,0,0,0,-88,0,0,0,0,-90,0,0,0,0,0,0,0,-48,0,0,-81,-60,0,0,0,0,0,0,20.667504053367406,-103.4644377976656,0
51,0,0,-77,0,0,0,-85,0,0,0,0,0,0,0,0,0,-46,0,0,0,0,0,0,0,0,0,0,-88,0,0,0,0,0,0,0,0,0,0,0,0,0,0,-50,0,-86,0,-59,0,0,0,0,0,0,20.667520993124143,-103.46432916820049,0
52,0,0,-77,0,0,0,-85,0,0,0,0,0,0,0,0,0,-45,0,0,0,0,0,0,0,0,0,0,-88,0,0,0,0,0,0,0,0,0,0,0,0,0,0,-50,0,-86,0,-59,0,0,0,0,0,0,20.667520993124143,-103.46432916820049,0
53,0,0,-76,0,0,0,-87,0,0,0,0,0,0,0,0,0,-43,0,0,0,0,0,0,0,0,0,0,-88,0,0,0,0,0,0,0,0,0,0,0,0,0,0,-58,0,-86,-84,-55,0,0,0,0,0,0,20.667520993124143,-103.46432916820049,0
54,0,0,-76,0,0,0,-87,0,0,0,0,0,0,0,0,0,-43,0,0,0,0,0,0,0,0,0,0,-88,0,0,0,0,0,0,0,0,0,0,0,0,0,0,-58,0,-86,-84,-55,0,0,0,0,0,0,20.667520993124143,-103.46432916820049,0
55,0,0,-76,0,0,0,-87,0,0,0,0,0,0,0,0,0,-43,0,0,0,0,0,0,0,0,0,0,0,0,0,0,0,0,0,0,0,0,0,0,0,0,0,-58,0,-86,-84,-55,0,0,0,0,0,0,20.667520993124143,-103.46432916820049,0
56,0,0,-76,0,0,0,-87,0,0,0,0,0,0,0,0,0,-43,0,0,0,0,0,0,0,0,0,0,0,0,0,0,0,0,0,0,0,0,0,0,0,0,0,-54,0,-86,-84,-54,0,0,0,0,0,0,20.667520993124143,-103.46432916820049,0
57,0,0,-76,0,0,0,-87,0,0,0,0,0,0,0,0,0,-43,0,0,0,0,0,0,0,0,0,0,0,0,0,0,0,0,0,0,0,0,0,0,0,0,0,-54,0,0,-84,-54,0,0,0,0,0,0,20.667520993124143,-103.46432916820049,0
58,0,0,-76,0,0,0,-87,0,0,0,0,0,0,0,0,0,-45,0,0,0,0,0,0,0,0,0,0,0,0,0,0,0,0,0,0,0,0,0,0,0,0,0,-54,0,0,-84,-54,0,0,0,0,0,0,20.667520993124143,-103.46432916820049,0
59,0,0,-76,0,0,0,-87,0,0,0,0,0,0,0,0,0,-45,0,0,0,0,0,0,0,0,0,0,0,0,0,0,0,0,0,0,0,0,0,0,0,0,0,-53,0,0,-84,-53,0,0,0,0,0,0,20.667520993124143,-103.46432916820049,0
60,0,0,-76,0,0,0,0,0,0,0,0,0,0,0,0,0,-45,0,0,0,0,0,0,0,0,0,0,0,0,0,0,0,0,0,0,0,0,0,0,0,0,0,-53,0,0,0,-53,0,0,0,0,0,0,20.667520993124143,-103.46432916820049,0
61,0,0,-76,0,0,0,0,0,0,0,0,0,0,0,0,0,-44,0,0,0,0,0,0,0,0,0,0,0,0,0,0,0,0,0,0,0,0,0,0,0,0,0,-53,0,0,0,-53,0,0,0,0,0,0,20.667520993124143,-103.46432916820049,0
62,0,0,-78,0,0,0,0,-91,0,-91,0,0,0,0,0,0,-42,0,0,0,0,0,0,0,0,0,0,-93,0,0,0,0,0,0,0,0,0,0,0,0,0,0,-58,0,-89,0,-56,0,0,0,0,0,0,20.66754922604784,-103.46433855593204,0
63,0,0,-78,0,0,0,0,-91,0,0,0,0,0,0,0,0,-42,0,0,0,0,0,0,0,0,0,0,-93,0,0,0,0,0,0,0,0,0,0,0,0,0,0,-58,0,-89,0,-56,0,0,0,0,0,0,20.66754922604784,-103.46433855593204,0
64,0,0,-78,0,0,0,0,-91,0,0,0,0,0,0,0,0,-44,0,0,0,0,0,0,0,0,0,0,-93,0,0,0,0,0,0,0,0,0,0,0,0,0,0,-58,0,-89,0,-56,0,0,0,0,0,0,20.66754922604784,-103.46433855593204,0
65,0,0,-74,0,0,0,-83,-91,0,0,0,0,0,0,0,0,-45,0,0,0,0,0,0,0,0,0,0,-93,0,0,0,0,0,0,0,0,0,0,0,0,0,0,-55,0,-89,-75,-55,0,0,0,0,0,0,20.66754922604784,-103.46433855593204,0
66,0,0,-74,0,0,0,-83,-91,0,0,0,0,0,0,0,0,-46,0,0,0,0,0,0,0,0,0,0,0,0,0,0,0,0,0,0,0,0,0,0,0,0,0,-55,0,-89,-75,-55,0,0,0,0,0,0,20.66754922604784,-103.46433855593204,0
67,0,0,-74,0,0,0,-83,-91,0,0,0,0,0,0,0,0,-47,0,0,0,0,0,0,0,0,0,0,0,0,0,0,0,0,0,0,0,0,0,0,0,0,0,-55,0,-89,-75,-55,0,0,0,0,0,0,20.66754922604784,-103.46433855593204,0
68,0,0,-73,0,0,0,-84,-91,0,0,0,0,0,0,0,0,-47,0,0,0,0,0,0,0,0,0,0,0,0,0,0,0,-83,0,0,0,0,0,0,0,0,0,-53,0,-89,-74,-55,0,0,0,0,0,0,20.66754922604784,-103.46433855593204,0
69,0,0,-73,0,0,0,-84,0,0,0,0,0,0,0,0,0,-46,0,0,0,0,0,0,0,0,0,0,0,0,0,0,0,-83,0,0,0,0,0,0,0,0,0,-53,0,0,-74,-55,0,0,0,0,0,0,20.66754922604784,-103.46433855593204,0
70,0,0,-73,0,0,0,-84,0,0,0,0,0,0,0,0,0,-45,0,0,0,0,0,0,0,0,0,0,0,0,0,0,0,-83,0,0,0,0,0,0,0,0,0,-53,0,0,-74,-55,0,0,0,0,0,0,20.66754922604784,-103.46433855593204,0
71,0,0,-71,0,0,0,-81,0,0,0,0,0,0,0,0,0,-45,0,0,0,0,0,0,0,0,0,0,0,0,0,0,0,-83,0,0,0,0,0,0,0,0,0,-56,0,-86,-71,-55,0,0,0,0,0,0,20.66754922604784,-103.46433855593204,0
72,0,0,-71,0,0,0,-81,0,0,0,0,0,0,0,0,0,-45,0,0,0,0,0,0,0,0,0,0,0,0,0,0,0,-83,0,0,0,0,0,0,0,0,0,-56,0,-86,-71,-55,0,0,0,0,0,0,20.66754922604784,-103.46433855593204,0
73,0,0,-70,0,0,0,-85,0,0,0,0,0,0,0,0,0,-50,0,0,0,0,0,0,0,0,0,0,0,0,0,0,0,0,0,0,0,0,0,0,0,0,0,-48,0,0,-72,-53,0,0,0,0,0,0,20.667549539746965,-103.4643630310893,0
74,0,0,-70,0,0,0,0,0,0,0,0,0,0,0,0,0,-50,0,0,0,0,0,0,0,0,0,0,0,0,0,0,0,0,0,0,0,0,0,0,0,0,0,-48,0,0,-72,-53,0,0,0,0,0,0,20.667549539746965,-103.4643630310893,0
75,0,-92,-74,0,0,0,-78,-92,0,0,0,0,0,0,0,0,-52,0,0,0,0,0,0,0,0,0,0,0,0,0,0,0,0,0,0,0,0,0,0,0,0,0,-48,0,0,-75,-53,0,0,0,0,0,0,20.667549539746965,-103.4643630310893,0
76,0,-92,-74,0,0,0,-78,-92,0,0,0,0,0,0,0,0,-52,0,0,0,0,0,0,0,0,0,0,0,0,0,0,0,0,0,0,0,0,0,0,0,0,0,-48,0,0,-75,-53,0,0,0,0,0,0,20.667549539746965,-103.4643630310893,0
77,0,-92,-74,0,0,0,-78,-92,0,0,0,0,0,0,0,0,-50,0,0,0,0,0,0,0,0,0,0,0,0,0,0,0,0,0,0,0,0,0,0,0,0,0,-48,0,0,-75,-53,0,0,0,0,0,0,20.667549539746965,-103.4643630310893,0
78,0,-92,-70,0,0,0,-78,-92,0,0,0,0,0,0,0,0,-50,0,0,0,0,0,0,0,0,0,0,0,0,0,0,0,0,0,0,0,0,0,0,0,0,0,-54,0,0,-77,-57,0,0,0,0,0,0,20.667549539746965,-103.4643630310893,0
79,0,-92,-70,0,0,0,-78,-92,0,0,0,0,0,0,0,0,-50,0,0,0,0,0,0,0,0,0,0,0,0,0,0,0,0,0,0,0,0,0,0,0,0,0,-54,0,0,-77,-57,0,0,0,0,0,0,20.667549539746965,-103.4643630310893,0
80,0,-92,-70,0,0,0,-78,-92,0,0,0,0,0,0,0,0,-49,0,0,0,0,0,0,0,0,0,0,0,0,0,0,0,0,0,0,0,0,0,0,0,0,0,-54,0,0,-77,-57,0,0,0,0,0,0,20.667549539746965,-103.4643630310893,0
81,0,-92,-72,0,0,0,-77,-92,0,0,0,0,0,0,0,0,-49,0,0,0,0,0,0,0,0,0,0,0,-92,0,0,0,0,0,0,0,0,0,0,0,0,0,-53,0,-91,-75,-57,0,0,0,0,0,0,20.667549539746965,-103.4643630310893,0
82,0,0,-72,0,0,0,-77,0,0,0,0,0,0,0,0,0,-49,0,0,0,0,0,0,0,0,0,0,0,-92,0,0,0,0,0,0,0,0,0,0,0,0,0,-53,0,-91,-75,-57,0,0,0,0,0,0,20.667549539746965,-103.4643630310893,0
83,0,0,-63,0,0,0,-78,0,0,0,0,0,0,0,0,0,-55,0,0,0,0,0,0,0,0,0,0,0,0,0,0,0,0,0,0,0,0,0,0,0,0,0,-44,0,0,-72,-64,0,0,0,0,0,0,20.66754703015397,-103.46438717097044,0
84,0,0,-63,0,0,0,-78,0,0,0,0,0,0,0,0,0,-55,0,0,0,0,0,0,0,0,0,0,0,0,0,0,0,0,0,0,0,0,0,0,0,0,0,-44,0,0,-72,-64,0,0,0,0,0,0,20.66754703015397,-103.46438717097044,0
85,0,0,-71,0,0,0,-78,0,0,0,0,0,0,0,0,0,-55,0,0,0,0,0,0,0,0,0,0,0,0,-88,0,0,0,0,0,0,0,-92,0,0,0,0,-43,0,0,-70,-64,0,0,0,0,0,0,20.66754703015397,-103.46438717097044,0
86,0,0,-71,0,0,0,-78,0,0,0,0,0,0,0,0,0,-56,0,0,0,0,0,0,0,0,0,0,0,0,-88,0,0,0,0,0,0,0,-92,0,0,0,0,-43,0,0,-70,-64,0,0,0,0,0,0,20.66754703015397,-103.46438717097044,0
87,0,0,-71,0,0,0,-78,0,0,0,0,0,0,0,0,0,-56,0,0,0,0,0,0,0,0,0,0,0,0,-88,0,0,0,0,0,0,0,-92,0,0,0,0,-43,0,0,-70,-64,0,0,0,0,0,0,20.66754703015397,-103.46438717097044,0
88,0,0,-64,0,0,0,-78,-91,0,0,0,0,0,0,0,0,-55,0,0,0,0,0,0,0,0,0,0,0,0,-88,0,0,0,0,0,0,0,-93,0,0,0,0,-44,0,0,-70,-61,0,0,0,0,0,0,20.66754703015397,-103.46438717097044,0
89,0,0,-64,0,0,0,0,-91,0,0,0,0,0,0,0,0,-55,0,0,0,0,0,0,0,0,0,0,0,0,-88,0,0,0,0,0,0,0,-93,0,0,0,0,-44,0,0,-70,-61,0,0,0,0,0,0,20.66754703015397,-103.46438717097044,0
90,0,0,-64,0,0,0,0,-91,0,0,0,0,0,0,0,0,-56,0,0,0,0,0,0,0,0,0,0,0,0,-88,0,0,0,0,0,0,0,-93,0,0,0,0,-44,0,0,-70,-61,0,0,0,0,0,0,20.66754703015397,-103.46438717097044,0
91,0,0,-72,0,0,0,0,-92,-93,0,0,0,0,0,0,0,-57,0,0,0,0,0,0,0,0,0,0,0,0,-88,0,0,0,0,-93,0,0,-93,0,0,0,0,-44,0,-93,-71,-59,0,0,0,0,0,0,20.66754703015397,-103.46438717097044,0
92,0,0,-72,0,0,0,0,-92,-93,0,0,0,0,0,0,0,-57,0,0,0,0,0,0,0,0,0,0,0,0,0,0,0,0,0,-93,0,0,-93,0,0,0,0,-44,0,-93,-71,-59,0,0,0,0,0,0,20.66754703015397,-103.46438717097044,0
93,0,0,-72,0,0,0,0,-92,-93,0,0,0,0,0,0,0,-58,0,0,0,0,0,0,0,0,0,0,0,0,0,0,0,0,0,-93,0,0,-93,0,0,0,0,-44,0,-93,-71,-59,0,0,0,0,0,0,20.66754703015397,-103.46438717097044,0
94,0,0,-65,0,0,0,-74,0,0,0,0,0,0,0,0,0,-59,0,0,0,0,-83,0,0,0,0,0,0,0,0,0,-95,0,-93,0,0,0,-93,0,0,0,0,-46,0,0,-74,-65,0,0,0,0,0,0,20.667544206861784,-103.46441499888897,0
95,0,0,-65,0,0,0,-74,0,0,0,0,0,0,0,0,0,-59,0,0,0,0,-83,0,0,0,0,0,0,0,0,0,-95,0,-93,0,0,0,0,0,0,0,0,-46,0,0,-74,-65,0,0,0,0,0,0,20.667544206861784,-103.46441499888897,0
96,0,0,-65,0,0,0,-74,0,0,0,0,0,0,0,0,0,-62,0,0,0,0,-83,0,0,0,0,0,0,0,0,0,-95,0,-93,0,0,0,0,0,0,0,0,-46,0,0,-74,-65,0,0,0,0,0,0,20.667544206861784,-103.46441499888897,0
97,0,0,-64,0,-92,0,-74,-94,0,0,0,0,0,0,0,0,-62,0,0,0,-82,-84,0,0,0,0,0,0,0,0,0,-95,0,-93,0,0,0,0,0,0,0,0,-47,0,0,-70,-60,0,0,0,0,0,0,20.667544206861784,-103.46441499888897,0
98,0,0,-64,0,-92,0,-74,-94,0,0,0,0,0,0,0,0,-63,0,0,0,-82,-84,0,0,0,0,0,0,0,0,0,-95,0,-93,0,0,0,0,0,0,0,0,-47,0,0,-70,-60,0,0,0,0,0,0,20.667544206861784,-103.46441499888897,0
99,0,0,-64,0,-92,0,-74,-94,0,0,0,0,0,0,0,0,-64,0,0,0,-82,-84,0,0,0,0,0,0,0,0,0,-95,0,-93,0,0,0,0,0,0,0,0,-47,0,0,-70,-60,0,0,0,0,0,0,20.667544206861784,-103.46441499888897,0
100,0,0,-64,0,-92,0,-77,-94,0,0,0,0,0,0,0,0,-63,0,0,0,-82,-84,0,0,0,0,0,0,0,0,0,-95,0,-93,-91,0,0,0,0,0,0,0,-48,0,0,-68,-60,0,0,0,0,0,0,20.667544206861784,-103.46441499888897,0
101,0,0,-64,0,-92,0,-77,-94,0,0,0,0,0,0,0,0,-63,0,0,0,-82,-84,0,0,0,0,0,0,0,0,0,0,0,0,-91,0,0,0,0,0,0,0,-48,0,0,-68,-60,0,0,0,0,0,0,20.667544206861784,-103.46441499888897,0
102,0,0,-64,0,-92,0,-77,-94,0,0,0,0,0,0,0,0,-63,0,0,0,-82,-84,0,0,0,0,0,0,0,0,0,0,0,0,-91,0,0,0,0,0,0,0,-48,0,0,-68,-60,0,0,0,0,0,0,20.667544206861784,-103.46441499888897,0
103,0,0,-66,0,-92,0,-77,-94,0,0,0,0,0,0,0,0,-63,0,0,-87,-82,-84,0,0,0,0,0,0,0,0,0,0,-94,0,-91,0,0,0,0,0,0,0,-47,0,0,-63,-58,0,0,0,0,0,0,20.667544206861784,-103.46441499888897,0
104,0,0,-66,0,0,0,-77,0,0,0,0,0,0,0,0,0,-63,0,0,-87,-82,0,0,0,0,0,0,0,0,0,0,0,-94,0,-91,0,0,0,0,0,0,0,-47,0,0,-63,-58,0,0,0,0,0,0,20.667544206861784,-103.46441499888897,0
105,0,0,-72,0,0,0,0,0,0,0,0,0,0,0,0,0,-64,0,0,0,0,0,0,0,0,0,0,0,0,-85,0,0,0,0,0,0,0,0,0,0,0,0,-52,0,0,-72,-63,0,0,0,0,0,0,20.66754106987042,-103.46444215625525,0
106,0,0,-65,0,0,0,0,0,0,0,0,0,0,0,0,0,-59,0,0,0,-78,0,0,0,0,0,0,0,0,-81,0,0,0,0,-91,0,0,0,0,0,0,0,-44,0,0,-65,-63,0,0,0,0,0,0,20.66754106987042,-103.46444215625525,0
107,0,0,-65,0,0,0,0,0,0,0,0,0,0,0,0,0,-59,0,0,0,-78,0,0,0,0,0,0,0,0,-81,0,0,0,0,-91,0,0,0,0,0,0,0,-44,0,0,-65,-63,0,0,0,0,0,0,20.66754106987042,-103.46444215625525,0
108,0,0,-65,0,0,0,0,0,0,0,0,0,0,0,0,0,-60,0,0,0,-78,0,0,0,0,0,0,0,0,-81,0,0,0,0,-91,0,0,0,0,0,0,0,-44,0,0,-65,-63,0,0,0,0,0,0,20.66754106987042,-103.46444215625525,0
109,0,0,-61,0,-85,0,0,0,0,0,0,0,0,0,0,0,-60,0,0,-80,-78,-80,0,0,-82,0,0,0,0,-78,0,0,0,0,-90,0,0,0,0,0,0,0,-44,0,0,-73,-62,0,0,0,0,0,0,20.66754106987042,-103.46444215625525,0
110,0,0,-61,0,-85,0,0,0,0,0,0,0,0,0,0,0,-60,0,0,-80,-78,-80,0,0,-82,0,0,0,0,-78,0,0,0,0,-90,0,0,0,0,0,0,0,-44,0,0,-73,-62,0,0,0,0,0,0,20.66754106987042,-103.46444215625525,0
111,0,0,-61,0,-85,0,0,0,0,0,0,0,0,0,0,0,-61,0,0,-80,-78,-80,0,0,-82,0,0,0,0,-78,0,0,0,0,-90,0,0,0,0,0,0,0,-44,0,0,-73,-62,0,0,0,0,0,0,20.66754106987042,-103.46444215625525,0
112,0,0,-60,0,-83,0,0,0,0,0,0,0,0,0,0,0,-61,0,0,-80,-78,-80,0,0,-82,0,0,0,0,-79,0,0,0,0,-90,0,0,0,0,0,0,0,-44,0,0,-73,-62,0,0,0,0,0,0,20.66754106987042,-103.46444215625525,0
113,0,0,-60,0,-83,0,0,0,0,0,0,0,0,0,0,0,-61,0,0,-80,0,-80,0,0,-82,0,0,0,0,-79,0,0,0,0,-90,0,0,0,0,0,0,0,-44,0,0,-73,-62,0,0,0,0,0,0,20.66754106987042,-103.46444215625525,0
114,0,0,-60,0,-83,0,0,0,0,0,0,0,0,0,0,0,-61,0,0,-80,0,-80,0,0,-82,0,0,0,0,-79,0,0,0,0,-90,0,0,0,0,0,0,0,-44,0,0,-73,-62,0,0,0,0,0,0,20.66754106987042,-103.46444215625525,0
115,0,0,-60,0,-84,0,0,0,0,0,0,0,0,0,0,0,-61,0,0,-80,-82,-80,0,0,-82,0,0,0,0,-79,0,0,0,0,-90,0,0,0,0,0,0,0,-42,0,0,-61,-62,0,0,0,0,0,0,20.66754106987042,-103.46444215625525,0
116,0,0,-60,0,-84,0,0,0,0,0,0,0,0,0,0,0,-61,0,0,-80,-82,-80,0,0,-82,0,0,0,0,-79,0,0,0,0,-90,0,0,0,0,0,0,0,-42,0,0,-61,-62,0,0,0,0,0,0,20.66754106987042,-103.46444215625525,0
117,0,0,-62,0,-91,0,0,-92,0,0,0,0,0,0,-89,0,-60,0,0,0,0,0,0,0,0,0,0,0,0,-80,-95,0,0,0,-87,0,0,0,0,0,0,-90,-47,0,0,-64,-67,0,0,0,0,0,0,20.66751942462823,-103.46445389091969,0
118,0,0,-62,0,-91,0,0,0,0,0,0,0,0,0,-89,0,-62,0,0,0,0,0,0,0,0,0,0,0,0,-80,-95,0,0,0,-87,0,0,0,0,0,0,0,-47,0,0,-64,-67,0,0,0,0,0,0,20.66751942462823,-103.46445389091969,0
119,0,0,-62,0,-91,0,0,0,0,0,0,0,0,0,-89,0,-60,0,0,0,0,0,0,0,0,0,0,0,0,-80,-95,0,0,0,-87,0,0,0,0,0,0,0,-47,0,0,-64,-67,0,0,0,0,0,0,20.66751942462823,-103.46445389091969,0
120,0,0,-60,0,-91,0,0,0,0,0,0,0,0,0,-89,0,-59,0,0,0,0,-92,0,0,0,0,0,0,0,-79,-95,0,0,0,-87,0,0,0,0,0,0,0,-47,0,0,-68,-62,-94,0,0,0,0,0,20.66751942462823,-103.46445389091969,0
121,0,0,-60,0,-91,0,0,0,0,0,0,0,0,0,0,0,-59,0,0,0,0,-92,0,0,0,0,0,0,0,-79,-95,0,0,0,-87,0,0,0,0,0,0,0,-47,0,0,-68,-62,-94,0,0,0,0,0,20.66751942462823,-103.46445389091969,0
122,0,0,-60,0,-91,0,0,0,0,0,0,0,0,0,0,0,-59,0,0,0,0,-92,0,0,0,0,0,0,0,-79,-95,0,0,0,-87,0,0,0,0,0,0,0,-47,0,0,-68,-62,-94,0,0,0,0,0,20.66751942462823,-103.46445389091969,0
123,0,0,-62,0,-91,0,0,-94,0,0,0,0,0,0,0,0,-59,0,0,0,-82,-92,0,0,-84,0,0,0,0,-79,-95,0,0,0,-87,0,0,0,0,0,0,0,-48,0,0,-68,-61,-94,0,0,0,0,0,20.66751942462823,-103.46445389091969,0
124,0,0,-62,0,0,0,0,-94,0,0,0,0,0,0,0,0,-59,0,0,0,-82,-92,0,0,-84,0,0,0,0,-79,0,0,0,0,0,0,0,0,0,0,0,0,-48,0,0,-68,-61,-94,0,0,0,0,0,20.66751942462823,-103.46445389091969,0
125,0,0,-62,0,0,0,0,-94,0,0,0,0,0,0,0,0,-57,0,0,0,-82,-92,0,0,-84,0,0,0,0,-79,0,0,0,0,0,0,0,0,0,0,0,0,-48,0,0,-68,-61,-94,0,0,0,0,0,20.66751942462823,-103.46445389091969,0
126,0,0,-62,0,0,0,0,-94,0,0,0,0,0,0,0,0,-57,0,0,0,-82,-92,0,0,-84,0,0,0,0,-79,0,0,0,0,0,0,0,0,0,0,0,0,-49,0,0,-68,-61,-94,0,0,0,0,0,20.66751942462823,-103.46445389091969,0
127,0,0,-62,0,0,0,0,-94,0,0,0,0,0,0,0,0,-57,0,0,0,-82,-92,0,0,-84,0,0,0,0,-79,0,0,0,0,0,0,0,0,0,0,0,0,-49,0,0,-68,-61,-94,0,0,0,0,0,20.66751942462823,-103.46445389091969,0
128,0,0,-68,0,-91,0,-83,-94,0,0,0,0,0,0,0,0,-46,0,0,0,0,0,0,0,0,0,0,0,0,0,0,0,0,0,0,0,0,0,0,0,0,0,-55,0,0,-79,-57,0,0,0,0,0,0,20.667516915034728,-103.46435632556677,0
129,0,0,-68,0,-91,0,-83,-94,0,0,0,0,0,0,0,0,-47,0,0,0,0,0,0,0,0,0,0,0,0,0,0,0,0,0,0,0,0,0,0,0,0,0,-55,0,0,-79,-57,0,0,0,0,0,0,20.667516915034728,-103.46435632556677,0
130,0,0,-68,0,-91,0,-83,-94,0,0,0,0,0,0,0,0,-48,0,0,0,0,0,0,0,0,0,0,0,0,0,0,0,0,0,0,0,0,0,0,0,0,0,-55,0,0,-79,-57,0,0,0,0,0,0,20.667516915034728,-103.46435632556677,0
131,0,0,-72,0,-91,0,-83,-94,0,0,0,0,0,0,0,0,-47,0,0,0,0,0,0,0,0,0,0,0,0,0,0,0,0,0,0,0,0,0,0,0,0,0,-50,0,0,-77,-59,0,0,0,0,0,0,20.667516915034728,-103.46435632556677,0
132,0,0,-72,0,0,0,-83,-94,0,0,0,0,0,0,0,0,-47,0,0,0,0,0,0,0,0,0,0,0,0,0,0,0,0,0,0,0,0,0,0,0,0,0,-50,0,0,-77,-59,0,0,0,0,0,0,20.667516915034728,-103.46435632556677,0
133,0,0,-72,0,0,0,-83,-94,0,0,0,0,0,0,0,0,-46,0,0,0,0,0,0,0,0,0,0,0,0,0,0,0,0,0,0,0,0,0,0,0,0,0,-50,0,0,-77,-59,0,0,0,0,0,0,20.667516915034728,-103.46435632556677,0
134,0,0,-72,0,0,0,-84,-94,0,0,0,0,0,0,0,-92,-46,0,0,0,0,0,0,0,0,0,0,0,0,0,0,0,0,0,0,0,0,0,0,0,0,0,-52,0,0,-77,-52,0,0,0,0,0,0,20.667516915034728,-103.46435632556677,0
135,0,0,-72,0,0,0,-84,0,0,0,0,0,0,0,0,-92,-47,0,0,0,0,0,0,0,0,0,0,0,0,0,0,0,0,0,0,0,0,0,0,0,0,0,-52,0,0,-77,-52,0,0,0,0,0,0,20.667516915034728,-103.46435632556677,0
136,0,0,-72,0,0,0,-84,0,0,0,0,0,0,0,0,-92,-48,0,0,0,0,0,0,0,0,0,0,0,0,0,0,0,0,0,0,0,0,0,0,0,0,0,-52,0,0,-77,-52,0,0,0,0,0,0,20.667516915034728,-103.46435632556677,0
137,0,0,-71,0,0,0,-84,0,-89,0,0,0,0,0,0,-92,-48,0,0,0,0,0,0,0,0,0,0,0,0,0,0,0,0,0,0,0,0,0,0,0,0,0,-52,0,0,-85,-51,0,0,0,0,0,0,20.667516915034728,-103.46435632556677,0
138,0,0,-71,0,0,0,-84,0,-89,0,0,0,0,0,0,-92,-48,0,0,0,0,0,0,0,0,0,0,0,0,0,0,0,0,0,0,0,0,0,0,0,0,0,-52,0,0,-85,-51,0,0,0,0,0,0,20.667516915034728,-103.46435632556677,0
139,0,0,-73,0,-93,0,-88,0,0,0,0,0,0,0,0,0,-53,0,0,0,0,0,0,0,0,0,0,0,0,-92,0,0,0,0,0,0,0,0,0,0,0,0,-54,0,0,0,-53,0,0,0,0,0,0,20.667511582148403,-103.46438717097044,0
140,0,0,-73,0,-93,0,-88,0,0,0,0,0,0,0,0,0,-53,0,0,0,0,0,0,0,0,0,0,0,0,-92,0,0,0,0,0,0,0,0,0,0,0,0,-54,0,0,0,-53,0,0,0,0,0,0,20.667511582148403,-103.46438717097044,0
141,0,0,-67,0,-93,0,-88,-90,0,0,0,0,0,0,0,0,-54,0,0,0,0,0,0,0,0,0,0,0,0,-92,0,0,0,0,0,0,0,0,0,0,0,0,-52,0,0,0,-53,0,0,0,0,0,0,20.667511582148403,-103.46438717097044,0
142,0,0,-67,0,-93,0,-88,-90,0,0,0,0,0,0,0,0,-54,0,0,0,0,0,0,0,0,0,0,0,0,-92,0,0,0,0,0,0,0,0,0,0,0,0,-52,0,0,0,-53,0,0,0,0,0,0,20.667511582148403,-103.46438717097044,0
143,0,0,-67,0,0,0,-88,-90,0,0,0,0,0,0,0,0,-53,0,0,0,0,0,0,0,0,0,0,0,0,0,0,0,0,0,0,0,0,0,0,0,0,0,-52,0,0,0,-53,0,0,0,0,0,0,20.667511582148403,-103.46438717097044,0
144,0,0,-67,0,-88,0,-84,-90,0,0,0,0,0,0,0,0,-51,0,0,0,0,0,0,0,0,0,0,0,0,0,0,0,0,0,0,0,0,0,0,0,0,0,-52,0,-89,-76,-65,0,0,0,0,0,0,20.667511582148403,-103.46438717097044,0
145,0,0,-67,0,-88,0,-84,-90,0,0,0,0,0,0,0,0,-52,0,0,0,0,0,0,0,0,0,0,0,0,0,0,0,0,0,0,0,0,0,0,0,0,0,-52,0,-89,-76,-65,0,0,0,0,0,0,20.667511582148403,-103.46438717097044,0
146,0,0,-67,0,-88,0,-84,-90,0,0,0,0,0,0,0,0,-54,0,0,0,0,0,0,0,0,0,0,0,0,0,0,0,0,0,0,0,0,0,0,0,0,0,-52,0,-89,-76,-65,0,0,0,0,0,0,20.667511582148403,-103.46438717097044,0
147,0,0,-67,0,-88,0,-81,-93,-88,0,0,0,0,0,0,0,-52,0,0,0,0,0,0,0,0,0,0,0,0,0,0,0,0,0,0,0,0,0,0,0,0,0,-52,0,-92,-79,-59,0,0,0,0,0,0,20.667511582148403,-103.46438717097044,0
148,0,0,-67,0,-88,0,-81,-93,-88,0,0,0,0,0,0,0,-53,0,0,0,0,0,0,0,0,0,0,0,0,0,0,0,0,0,0,0,0,0,0,0,0,0,-52,0,-92,-79,-59,0,0,0,0,0,0,20.667511582148403,-103.46438717097044,0
149,0,0,-67,0,-88,0,-81,-93,-88,0,0,0,0,0,0,0,-58,0,0,0,0,0,0,0,0,0,0,0,0,0,0,0,0,0,0,0,0,0,0,0,0,0,-52,0,-92,-79,-59,0,0,0,0,0,0,20.667511582148403,-103.46438717097044,0
150,0,0,-64,0,0,0,0,-95,0,0,0,0,0,0,0,0,-56,0,0,0,0,0,0,0,0,-85,0,0,0,0,0,0,0,0,-88,0,0,0,0,0,0,0,-49,0,-90,-74,-61,0,0,0,0,0,0,20.667507504058737,-103.46441399306059,0
151,0,0,-64,0,0,0,0,-95,0,0,0,0,0,0,0,0,-56,0,0,0,0,0,0,0,0,-85,0,0,0,0,0,0,0,0,-88,0,0,0,0,0,0,0,-49,0,-90,-74,-61,0,0,0,0,0,0,20.667507504058737,-103.46441399306059,0
152,0,0,-64,0,0,0,0,-95,0,0,0,0,0,0,0,0,-57,0,0,0,0,0,0,0,0,-85,0,0,0,0,0,0,0,0,-88,0,0,0,0,0,0,0,-49,0,-90,-74,-61,0,0,0,0,0,0,20.667507504058737,-103.46441399306059,0
153,0,0,-68,0,-89,0,0,-87,0,0,0,0,0,0,0,0,-56,0,0,0,0,0,0,0,0,-85,0,0,0,0,0,0,0,0,-88,0,0,0,0,0,0,0,-46,0,-92,-70,-57,0,0,0,0,0,0,20.667507504058737,-103.46441399306059,0
154,0,0,-68,0,-89,0,0,-87,0,0,0,0,0,0,0,0,-56,0,0,0,0,0,0,0,0,-85,0,0,0,0,0,0,0,0,-88,0,0,0,0,0,0,0,-46,0,-92,-70,-57,0,0,0,0,0,0,20.667507504058737,-103.46441399306059,0
155,0,0,-68,0,-89,0,-80,-87,0,0,0,0,0,0,0,0,-56,0,0,-82,0,0,0,0,0,-85,0,0,0,0,0,0,0,0,-88,0,0,0,0,0,0,0,-45,0,-92,-71,-57,0,0,0,0,0,0,20.667507504058737,-103.46441399306059,0
156,0,0,-68,0,-89,0,-80,-87,0,0,0,0,0,0,0,0,-56,0,0,-82,0,0,0,0,0,0,0,0,0,0,0,0,0,0,-88,0,0,0,0,0,0,0,-45,0,-92,-71,-57,0,0,0,0,0,0,20.667507504058737,-103.46441399306059,0
157,0,0,-68,0,-89,0,-80,-87,0,0,0,0,0,0,0,0,-56,0,0,-82,0,0,0,0,0,0,0,0,0,0,0,0,0,0,0,0,0,0,0,0,0,0,-45,0,-92,-71,-57,0,0,0,0,0,0,20.667507504058737,-103.46441399306059,0
158,0,0,-63,0,-89,0,-80,-91,-90,0,0,0,0,0,0,0,-53,0,0,-82,0,0,0,0,0,0,0,0,0,0,0,-93,0,0,0,0,0,0,0,0,0,0,-47,0,-92,-71,-57,0,0,0,0,0,0,20.667507504058737,-103.46441399306059,0
159,0,0,-63,0,0,0,-80,-91,-90,0,0,0,0,0,0,0,-53,0,0,0,0,0,0,0,0,0,0,0,0,0,0,-93,0,0,0,0,0,0,0,0,0,0,-47,0,0,-71,-57,0,0,0,0,0,0,20.667507504058737,-103.46441399306059,0
160,0,0,-74,0,-90,0,-80,-91,-90,0,-91,0,0,0,0,0,-58,0,0,0,0,0,0,0,0,0,0,0,0,0,0,-93,0,0,0,0,0,0,0,0,0,-91,-50,0,-89,-71,-66,0,0,0,0,0,0,20.667507504058737,-103.46441399306059,0
161,0,0,-74,0,-90,0,-80,-91,-90,0,-91,0,0,0,0,0,-58,0,0,0,0,0,0,0,0,0,0,0,0,0,0,-93,0,0,0,0,0,0,0,0,0,-91,-50,0,-89,-71,-66,0,0,0,0,0,0,20.667586556238895,-103.46434693783522,0
162,0,0,-74,0,0,0,0,0,0,0,-91,0,0,0,0,0,-56,0,0,0,0,0,0,0,0,0,0,0,0,0,0,0,0,0,0,0,0,0,0,0,0,-91,-50,0,-89,0,-66,0,0,0,0,0,0,20.667586556238895,-103.46434693783522,0
163,0,0,-74,0,0,0,0,0,0,0,-91,0,0,0,0,0,-58,0,0,0,0,0,0,0,0,0,0,0,0,0,0,0,0,0,0,0,0,0,0,0,0,-91,-50,0,-89,0,-66,0,0,0,0,0,0,20.667586556238895,-103.46434693783522,0
164,0,0,-71,0,0,0,-83,0,0,0,-91,0,0,0,0,0,-57,0,0,0,0,0,0,0,0,0,0,0,0,0,0,0,0,0,0,0,0,0,0,0,0,-91,-48,-88,-89,-82,-66,0,0,0,0,0,0,20.667586556238895,-103.46434693783522,0
165,0,0,-71,0,0,0,-83,0,0,0,0,0,0,0,0,0,-55,0,0,0,0,0,0,0,0,0,0,0,0,0,0,0,0,0,0,0,0,0,0,0,0,0,-48,-88,0,-82,-66,0,0,0,0,0,0,20.667586556238895,-103.46434693783522,0
166,0,0,-71,0,0,0,-83,0,0,0,0,0,0,0,0,0,-55,0,0,0,0,0,0,0,0,0,0,0,0,0,0,0,0,0,0,0,0,0,0,0,0,0,-48,-88,0,-82,-66,0,0,0,0,0,0,20.667586556238895,-103.46434693783522,0
167,0,0,-73,0,0,0,-83,-93,0,0,0,0,0,0,0,0,-56,0,0,0,0,0,0,0,0,0,0,0,0,0,0,0,-87,0,0,0,0,0,0,0,0,0,-48,-88,-93,-82,-62,0,0,0,0,0,0,20.667586556238895,-103.46434693783522,0
168,0,0,-73,0,0,0,-83,-93,0,0,0,0,0,0,0,0,-55,0,0,0,0,0,0,0,0,0,0,0,0,0,0,0,-87,0,0,0,0,0,0,0,0,0,-48,-88,-93,-82,-62,0,0,0,0,0,0,20.667586556238895,-103.46434693783522,0
169,0,0,-73,0,0,0,-83,-93,0,0,0,0,0,0,0,0,-54,0,0,0,0,0,0,0,0,0,0,0,0,0,0,0,-87,0,0,0,0,0,0,0,0,0,-48,-88,-93,-82,-62,0,0,0,0,0,0,20.667586556238895,-103.46434693783522,0
170,0,0,-74,0,0,0,-81,-93,0,0,-89,0,0,0,0,0,-56,0,0,0,0,0,0,0,0,0,0,0,0,0,0,0,-87,0,0,0,0,0,0,0,0,0,-48,-88,-93,-82,-62,0,0,0,0,-92,0,20.667586556238895,-103.46434693783522,0
171,0,0,-71,0,0,0,-74,0,0,-92,0,0,0,0,0,0,-56,0,0,0,0,0,0,0,0,0,0,-80,0,0,-91,0,0,0,0,-90,0,-93,0,0,0,-92,-50,0,-83,-83,-60,0,0,0,0,0,0,20.667581537054076,-103.4643704071641,0
172,0,0,-71,0,0,0,-74,0,0,-92,0,0,0,0,0,0,-57,0,0,0,0,0,0,0,0,0,0,0,0,0,0,0,0,0,0,0,0,-93,0,0,0,0,-50,0,-83,-83,-60,0,0,0,0,0,0,20.667581537054076,-103.4643704071641,0
173,0,0,-71,0,0,0,-74,0,0,-92,0,0,0,0,0,0,-55,0,0,0,0,0,0,0,0,0,0,0,0,0,0,0,0,0,0,0,0,-93,0,0,0,0,-50,0,-83,-83,-60,0,0,0,0,0,0,20.667581537054076,-103.4643704071641,0
174,0,0,-73,0,0,0,-77,-88,0,-92,0,0,0,0,0,0,-54,0,0,0,0,0,0,0,0,0,0,0,0,0,0,0,0,0,0,0,0,-93,0,0,0,0,-50,0,-83,-83,-60,0,0,0,0,0,0,20.667581537054076,-103.4643704071641,0
175,0,0,-73,0,0,0,-77,-88,0,0,0,0,0,0,0,0,-55,0,0,0,0,0,0,0,0,0,0,0,0,0,0,0,0,0,0,0,0,-93,0,0,0,0,-50,0,0,0,-60,0,0,0,0,0,0,20.667581537054076,-103.4643704071641,0
176,0,0,-73,0,0,0,-77,-88,0,0,0,0,0,0,0,0,-57,0,0,0,0,0,0,0,0,0,0,0,0,0,0,0,0,0,0,0,0,-93,0,0,0,0,-50,0,0,0,-60,0,0,0,0,0,0,20.667581537054076,-103.4643704071641,0
177,0,-89,-73,0,0,0,-80,-89,0,0,0,0,0,0,0,0,-58,0,0,0,0,0,0,0,0,0,0,0,0,0,0,0,0,0,0,0,0,-93,0,0,0,0,-48,0,0,-80,-60,0,0,0,0,0,0,20.667581537054076,-103.4643704071641,0
178,0,-89,-73,0,0,0,-80,-89,0,0,0,0,0,0,0,0,-60,0,0,0,0,0,0,0,0,0,0,0,0,0,0,0,0,0,0,0,0,-93,0,0,0,0,-48,0,0,-80,-60,0,0,0,0,0,0,20.667581537054076,-103.4643704071641,0
179,0,-89,-73,0,0,0,-80,-89,0,0,0,0,0,0,0,0,-62,0,0,0,0,0,0,0,0,0,0,0,0,0,0,0,0,0,0,0,0,-93,0,0,0,0,-48,0,0,-80,-60,0,0,0,0,0,0,20.667581537054076,-103.4643704071641,0
180,0,-89,-69,0,0,0,-81,-89,0,0,-92,0,0,0,0,0,-62,0,0,0,0,0,0,0,0,0,0,0,0,0,0,0,0,0,0,0,0,-92,0,0,0,0,-47,0,0,-78,-62,0,0,0,0,0,0,20.667581537054076,-103.4643704071641,0
181,0,0,-66,0,0,0,-74,-86,0,0,0,0,0,0,0,0,-60,0,0,0,0,0,0,0,0,0,0,0,0,0,0,0,0,0,0,0,0,-86,0,0,0,0,-46,0,0,0,-57,0,0,0,0,0,0,20.66757651786909,-103.46438985317945,0
182,0,0,-66,0,0,0,-74,-86,0,0,0,0,0,0,0,0,-62,0,0,0,0,0,0,0,0,0,0,0,0,0,0,0,0,0,0,0,0,-86,0,0,0,0,-46,0,0,0,-57,0,0,0,0,0,0,20.66757651786909,-103.46438985317945,0
183,0,0,-66,0,0,0,-74,-86,0,0,0,0,0,0,0,0,-62,0,0,0,0,0,0,0,0,0,0,0,0,0,0,0,0,0,0,0,0,-86,0,0,0,0,-46,0,0,0,-57,0,0,0,0,0,0,20.66757651786909,-103.46438985317945,0
184,0,-94,-66,0,0,0,-78,-86,0,0,0,0,0,0,0,0,-60,0,0,0,0,0,0,0,0,0,0,0,0,0,0,0,0,0,0,0,0,-87,0,0,0,0,-45,0,0,-84,-63,0,0,0,0,0,0,20.66757651786909,-103.46438985317945,0
185,0,-94,-66,0,0,0,-78,-86,0,0,0,0,0,0,0,0,-59,0,0,0,0,0,0,0,0,0,0,0,0,0,0,0,0,0,0,0,0,-87,0,0,0,0,-45,0,0,-84,-63,0,0,0,0,0,0,20.66757651786909,-103.46438985317945,0
186,0,-94,-66,0,0,0,-78,-86,0,0,0,0,0,0,0,0,-55,0,0,0,0,0,0,0,0,0,0,0,0,0,0,0,0,0,0,0,0,-87,0,0,0,0,-45,0,0,-84,-63,0,0,0,0,0,0,20.66757651786909,-103.46438985317945,0
187,0,-94,-66,0,0,0,-78,-86,0,0,0,0,0,0,0,0,-54,0,0,0,0,0,0,0,0,0,0,0,0,0,0,0,0,0,0,0,0,-89,0,0,0,0,-45,0,0,-81,-63,0,0,0,0,0,0,20.66757651786909,-103.46438985317945,0
188,0,-94,-66,0,0,0,-78,0,0,0,0,0,0,0,0,0,-55,0,0,0,0,0,0,0,0,0,0,0,0,0,0,0,0,0,0,0,0,-89,0,0,0,0,-45,0,0,-81,-63,0,0,0,0,0,0,20.66757651786909,-103.46438985317945,0
189,0,-94,-66,0,0,0,-78,0,0,0,0,0,0,0,0,0,-58,0,0,0,0,0,0,0,0,0,0,0,0,0,0,0,0,0,0,0,0,-89,0,0,0,0,-45,0,0,-81,-63,0,0,0,0,0,0,20.66757651786909,-103.46438985317945,0
190,0,-94,-66,0,0,0,-74,-89,0,0,0,0,0,0,0,0,-61,0,0,0,0,-93,0,0,0,0,0,-93,0,0,0,0,0,0,0,0,0,-86,0,0,0,0,-45,0,0,-81,-58,0,0,0,0,0,0,20.66757651786909,-103.46438985317945,0
191,0,0,-78,0,-93,0,-74,-89,0,0,0,0,0,0,0,0,-51,0,0,0,0,-93,0,0,0,0,-93,-93,0,0,0,0,0,0,0,0,0,-86,-90,0,0,0,-63,0,0,-81,-63,0,0,0,0,0,0,20.66757651786909,-103.46438985317945,0
192,0,0,-78,0,-93,0,-74,-89,0,0,0,0,0,0,0,0,-51,0,0,0,0,-93,0,0,0,0,-93,-93,0,0,0,0,0,0,0,0,0,-86,-90,0,0,0,-63,0,0,-81,-63,0,0,0,0,0,0,20.66748334921771,-103.46441365778446,0
193,0,0,-80,-96,0,0,0,0,-95,0,0,0,0,0,0,0,-51,0,0,0,0,0,0,0,0,0,-96,0,0,0,0,0,-97,0,0,0,0,0,0,0,0,0,-65,-94,0,0,-62,-96,0,0,0,0,0,20.66748334921771,-103.46441365778446,0
194,0,0,-80,-96,0,0,0,0,-95,0,0,0,0,0,0,0,-51,0,0,0,0,0,0,0,0,0,-96,0,0,0,0,0,-97,0,0,0,0,0,0,0,0,0,-65,-94,0,0,-62,-96,0,0,0,0,0,20.66748334921771,-103.46441365778446,0
195,0,0,-81,0,0,-96,0,0,0,0,0,0,-95,0,0,0,-53,0,0,0,0,0,0,0,0,0,0,-95,0,0,0,0,0,0,0,0,0,0,0,0,0,0,-63,0,0,-91,-66,-98,0,0,0,0,0,20.66748334921771,-103.46441365778446,0
196,0,0,-81,-93,0,-97,0,0,0,-96,0,0,0,0,0,0,-52,0,0,0,0,0,0,0,0,0,-95,0,0,0,0,0,0,0,0,0,0,0,0,0,0,0,-63,0,0,0,-63,0,0,0,0,0,0,20.66748334921771,-103.46441365778446,0
197,0,0,-81,-93,0,-97,0,0,0,-96,0,0,0,0,0,0,-52,0,0,0,0,0,0,0,0,0,-95,0,0,0,0,0,0,0,0,0,0,0,0,0,0,0,-63,0,0,0,-63,0,0,0,0,0,0,20.66748334921771,-103.46441365778446,0
198,0,0,-79,0,0,-94,0,0,0,0,0,0,0,0,0,0,-56,0,0,0,0,0,0,0,0,0,0,0,0,0,0,0,0,0,0,0,0,0,0,0,0,0,-66,0,0,-87,-66,0,-98,0,0,0,0,20.66748334921771,-103.46441365778446,0
199,0,0,-80,0,-94,-94,0,0,0,-96,0,0,0,0,0,0,-54,0,0,0,0,0,0,0,0,0,0,-94,0,0,0,0,0,0,0,0,0,0,0,0,0,0,-62,0,0,-92,-63,0,-98,0,0,0,0,20.66748334921771,-103.46441365778446,0
200,0,0,-80,0,-94,-94,0,0,0,-96,0,0,0,0,0,0,-54,0,0,0,0,0,0,0,0,0,0,-94,0,0,0,0,0,0,0,0,0,0,0,0,0,0,-62,0,0,-92,-63,0,-98,0,0,0,0,20.66748334921771,-103.46441365778446,0
201,0,0,-80,0,0,0,-97,0,0,0,0,0,0,0,0,0,-54,0,0,0,0,0,0,0,0,0,0,0,0,0,0,0,0,0,0,0,0,0,0,0,0,0,-64,0,0,-90,-62,0,0,0,0,0,0,20.66748334921771,-103.46441365778446,0
202,0,0,-82,0,0,0,0,0,0,0,0,0,0,0,0,0,-60,0,0,0,0,0,0,0,0,0,0,-95,0,0,0,0,-94,0,0,-93,0,0,0,0,0,0,-61,0,0,-90,-60,-97,0,0,0,0,0,20.667487113608775,-103.46437007188797,0
203,0,0,-82,0,0,0,0,0,0,0,0,0,0,0,0,0,-60,0,0,0,0,0,0,0,0,0,0,-95,0,0,0,0,-94,0,0,-93,0,0,0,0,0,0,-61,0,0,-90,-60,-97,0,0,0,0,0,20.667487113608775,-103.46437007188797,0
204,0,0,-82,0,0,0,0,0,-94,0,0,0,0,0,0,0,-60,0,0,0,0,0,0,0,0,0,0,0,0,0,0,0,-92,0,0,-96,0,0,0,0,0,0,-59,-96,0,-91,-62,0,0,0,0,0,0,20.667487113608775,-103.46437007188797,0
205,0,0,-82,0,0,-98,0,0,-94,0,0,0,0,0,0,0,-59,0,0,0,0,0,0,0,0,0,0,0,0,0,0,0,-92,0,0,-96,0,0,-92,0,0,0,-62,-96,0,-88,-60,-95,0,0,0,0,0,20.667487113608775,-103.46437007188797,0
206,0,0,-82,0,0,-98,0,0,-94,0,0,0,0,0,0,0,-59,0,0,0,0,0,0,0,0,0,0,0,0,0,0,0,-92,0,0,-96,0,0,-92,0,0,0,-62,-96,0,-88,-60,-95,0,0,0,0,0,20.667487113608775,-103.46437007188797,0
207,0,0,-83,0,0,0,0,0,0,0,0,0,0,0,0,0,-63,0,0,0,0,0,0,0,0,0,0,-92,0,0,0,0,-94,0,0,0,0,0,0,0,0,0,-61,-95,0,-88,-63,0,0,0,0,0,0,20.667487113608775,-103.46437007188797,0
208,0,0,-82,0,0,-93,0,0,0,0,0,0,0,0,0,0,-63,0,0,0,0,0,0,0,0,0,0,-92,0,0,0,0,-94,0,0,0,0,0,0,0,0,0,-63,-93,0,-88,-63,-99,0,0,0,0,0,20.667487113608775,-103.46437007188797,0
209,0,0,-82,0,0,-93,0,0,0,0,0,0,0,0,0,0,-63,0,0,0,0,0,0,0,0,0,0,-92,0,0,0,0,-94,0,0,0,0,0,0,0,0,0,-63,-93,0,-88,-63,-99,0,0,0,0,0,20.667487113608775,-103.46437007188797,0
210,0,0,-83,0,0,-96,0,0,-93,0,0,0,0,0,0,0,-63,0,0,0,0,0,0,0,0,0,0,0,0,0,0,0,-93,0,0,0,0,0,0,0,0,0,-62,-94,0,0,-62,0,0,0,0,0,0,20.667487113608775,-103.46437007188797,0
211,0,0,-83,0,0,-96,0,0,-93,0,0,0,0,0,0,0,-63,0,0,0,0,0,0,0,0,0,0,0,0,0,0,0,-92,0,0,0,0,0,0,0,0,0,-63,-95,0,-91,-65,-96,0,0,0,0,0,20.667487113608775,-103.46437007188797,0
212,0,0,-85,0,0,0,0,0,0,-95,0,0,0,0,0,0,-59,0,0,0,0,0,0,0,0,0,0,-94,0,0,0,0,-98,0,0,0,0,0,0,0,0,0,-66,-95,0,-94,-55,0,0,0,0,0,0,20.667488054706535,-103.46434693783522,0
213,0,0,-84,0,0,-96,0,0,0,-101,0,0,0,0,0,0,-54,0,0,0,0,0,0,0,0,0,0,-98,0,0,0,0,0,0,0,0,0,0,0,0,0,0,-68,0,0,-92,-55,0,0,0,0,0,0,20.667488054706535,-103.46434693783522,0
214,0,0,-85,0,0,0,0,0,0,-98,0,0,0,0,0,0,-56,0,0,0,0,0,0,0,0,0,0,0,0,0,0,0,-98,0,0,0,0,0,0,0,0,0,-68,0,0,-93,-59,0,0,0,0,0,0,20.667488054706535,-103.46434693783522,0
215,0,0,-85,0,0,0,0,0,0,-98,0,0,0,0,0,0,-56,0,0,0,0,0,0,0,0,0,0,0,0,0,0,0,-98,0,0,0,0,0,0,0,0,0,-68,0,0,-93,-59,0,0,0,0,0,0,20.667488054706535,-103.46434693783522,0
216,0,0,-87,0,0,0,0,0,0,0,0,0,-99,0,0,0,-55,0,0,0,0,0,0,0,0,0,0,0,0,0,0,0,-95,0,0,0,0,0,-90,0,0,0,-70,0,0,-90,-50,0,0,-96,0,0,0,20.667488054706535,-103.46434693783522,0
217,0,0,-85,0,0,-96,-95,0,0,0,0,0,0,0,0,0,-53,0,0,0,0,0,0,0,0,0,0,-98,0,0,0,0,0,0,0,0,0,0,0,0,0,0,-70,0,0,-92,-52,0,0,0,0,0,0,20.667488054706535,-103.46434693783522,0
218,0,0,-85,0,0,-96,-95,0,0,0,0,0,0,0,0,0,-53,0,0,0,0,0,0,0,0,0,0,-98,0,0,0,0,0,0,0,0,0,0,0,0,0,0,-70,0,0,-92,-52,0,0,0,0,0,0,20.667488054706535,-103.46434693783522,0
219,0,0,-85,0,0,0,0,0,0,-96,0,0,0,0,0,0,-54,0,0,0,0,0,0,0,0,0,0,-92,0,0,0,0,0,0,0,0,0,0,0,0,0,0,-75,0,0,-95,-49,0,0,0,0,0,0,20.667488054706535,-103.46434693783522,0
220,0,0,-84,0,0,0,0,0,0,0,0,0,-97,0,0,0,-51,0,0,0,0,0,0,0,0,0,0,0,0,0,0,0,-93,0,0,0,0,0,0,0,0,0,-68,0,0,-90,-50,-98,0,0,0,0,0,20.667488054706535,-103.46434693783522,0
221,0,0,-84,0,0,0,0,0,0,0,0,0,-97,0,0,0,-51,0,0,0,0,0,0,0,0,0,0,0,0,0,0,0,-93,0,0,0,0,0,0,0,0,0,-68,0,0,-90,-50,-98,0,0,0,0,0,20.667488054706535,-103.46434693783522,0
222,0,0,-84,0,0,0,0,0,0,0,0,0,0,0,0,0,-56,0,0,0,0,0,0,0,0,0,0,0,0,0,0,0,-97,0,0,0,0,0,0,0,0,0,-66,0,0,-91,-56,-97,0,0,0,0,0,20.66749150539822,-103.46438851207495,0
223,0,0,-84,0,0,0,0,0,0,0,0,0,0,0,0,0,-56,0,0,0,0,0,0,0,0,0,0,0,0,0,0,0,-97,0,0,0,0,0,0,0,0,0,-66,0,0,-91,-56,-97,0,0,0,0,0,20.66749150539822,-103.46438851207495,0
224,0,0,-89,0,0,0,0,0,0,0,0,0,0,0,0,0,-57,0,0,0,0,0,0,0,0,0,0,-95,0,0,0,0,-96,0,0,0,0,0,0,0,0,0,-63,0,0,-92,-63,0,0,0,0,0,-98,20.66749150539822,-103.46438851207495,0
225,0,0,-90,0,0,-96,0,0,0,0,0,0,0,0,0,0,-58,0,0,0,0,0,0,0,0,0,0,-95,0,0,0,0,-96,0,0,0,0,0,-91,0,0,0,-64,-91,0,-92,-62,0,0,0,0,0,-98,20.66749150539822,-103.46438851207495,0
226,0,0,-90,0,0,-96,0,0,0,0,0,0,0,0,0,0,-58,0,0,0,0,0,0,0,0,0,0,-95,0,0,0,0,-96,0,0,0,0,0,-91,0,0,0,-64,-91,0,-92,-62,0,0,0,0,0,-98,20.66749150539822,-103.46438851207495,0
227,0,0,-90,0,0,-94,0,0,0,0,0,0,0,0,0,0,-60,0,0,0,0,0,0,0,0,0,0,-94,0,0,0,0,0,0,0,0,0,0,0,0,0,0,-64,-93,0,-91,-62,-95,-93,0,0,0,0,20.66749150539822,-103.46438851207495,0
228,0,0,-82,0,0,0,0,0,0,0,0,0,0,0,0,0,-55,0,0,0,0,0,0,0,0,0,-94,0,0,0,0,0,-93,0,0,0,0,0,-89,0,0,0,-67,-89,0,-91,-58,0,0,0,0,0,0,20.66749150539822,-103.46438851207495,0
229,0,0,-82,0,0,0,0,0,0,0,0,0,0,0,0,0,-55,0,0,0,0,0,0,0,0,0,-94,0,0,0,0,0,-93,0,0,0,0,0,-89,0,0,0,-67,-89,0,-91,-58,0,0,0,0,0,0,20.66749150539822,-103.46438851207495,0
230,0,0,-85,0,0,0,0,0,0,-99,0,0,0,0,0,0,-59,0,0,0,0,0,0,0,0,0,0,-96,0,0,0,0,0,0,0,0,0,0,0,0,0,0,-68,-93,0,-93,-60,-96,0,0,0,0,0,20.66749150539822,-103.46438851207495,0
231,0,0,-85,0,0,0,0,0,0,-99,0,0,0,0,0,0,-59,0,0,0,0,0,0,0,0,0,0,-92,0,0,0,0,-93,0,0,0,0,0,-90,0,0,0,-66,-89,0,-93,-61,-96,0,0,0,0,0,20.66749150539822,-103.46438851207495,0
232,0,0,-89,0,0,0,0,0,-94,0,0,0,0,0,0,0,-42,0,0,0,0,0,0,0,0,0,0,0,0,0,0,0,0,0,0,0,0,0,0,0,0,0,-73,0,0,-95,-51,0,0,0,0,0,0,20.667488368405778,-103.46433252096176,0
233,0,0,-85,0,0,0,0,0,0,0,0,0,0,0,0,0,-42,0,0,0,0,0,0,0,0,0,0,-96,0,0,0,0,0,0,0,0,0,0,0,0,0,0,-70,0,0,-95,-52,0,0,0,0,0,0,20.667488368405778,-103.46433252096176,0
234,0,0,-85,0,0,0,0,0,0,0,0,0,0,0,0,0,-42,0,0,0,0,0,0,0,0,0,0,-96,0,0,0,0,0,0,0,0,0,0,0,0,0,0,-70,0,0,-95,-52,0,0,0,0,0,0,20.667488368405778,-103.46433252096176,0
235,0,0,-87,0,0,0,0,0,0,0,0,0,-97,0,0,0,-42,0,0,0,0,0,0,0,0,0,0,0,0,0,0,0,0,0,0,0,0,0,0,0,0,0,-70,0,0,-93,-52,0,0,0,0,0,0,20.667488368405778,-103.46433252096176,0
236,0,0,-84,0,0,0,0,0,0,0,0,0,-97,0,0,0,-47,0,0,0,0,0,0,0,0,0,0,-94,0,0,0,0,0,0,0,0,0,0,0,0,0,0,-70,0,0,-91,-51,0,-97,0,0,0,0,20.667488368405778,-103.46433252096176,0
237,0,0,-84,0,0,0,0,0,0,0,0,0,-97,0,0,0,-47,0,0,0,0,0,0,0,0,0,0,-94,0,0,0,0,0,0,0,0,0,0,0,0,0,0,-70,0,0,-91,-51,0,-97,0,0,0,0,20.667488368405778,-103.46433252096176,0
238,0,0,-87,0,0,0,0,0,0,0,0,0,0,0,0,0,-42,0,0,0,0,0,0,0,0,0,0,0,0,0,0,0,0,0,0,0,0,0,-91,0,0,0,-70,0,0,-94,-51,0,0,0,0,0,0,20.667488368405778,-103.46433252096176,0
239,0,0,-89,0,0,0,0,0,0,0,0,0,0,0,0,0,-42,0,0,0,0,0,0,0,0,0,0,-92,0,0,0,0,0,0,0,0,0,0,-91,0,0,0,-72,0,0,-92,-49,0,0,0,0,0,0,20.667488368405778,-103.46433252096176,0
240,0,0,-89,0,0,0,0,0,0,0,0,0,0,0,0,0,-42,0,0,0,0,0,0,0,0,0,0,-92,0,0,0,0,0,0,0,0,0,0,-91,0,0,0,-72,0,0,-92,-49,0,0,0,0,0,0,20.667488368405778,-103.46433252096176,0
241,0,0,-87,0,0,0,0,0,0,0,0,0,0,0,0,0,-42,0,0,0,0,0,0,0,0,0,0,0,0,0,0,0,-95,0,0,0,0,0,-93,0,0,0,-73,0,0,0,-53,0,0,0,0,0,0,20.667488368405778,-103.46433252096176,0
242,0,0,-89,0,0,0,0,0,0,0,0,0,0,0,0,0,-57,0,0,0,0,0,0,0,0,0,0,-96,0,0,0,0,0,0,0,0,0,0,0,0,0,0,-80,-96,0,0,-45,0,0,0,0,0,0,20.6674937012929,-103.46431005746126,0
243,0,0,-84,0,0,0,0,0,0,0,0,0,0,0,0,0,-56,0,0,0,0,0,0,0,0,0,0,-96,0,0,0,0,-99,0,0,0,0,0,0,0,0,0,-78,-96,0,-97,-47,-94,0,0,0,0,0,20.6674937012929,-103.46431005746126,0
244,0,0,-84,0,0,0,0,0,0,0,0,0,0,0,0,0,-56,0,0,0,0,0,0,0,0,0,0,-96,0,0,0,0,-99,0,0,0,0,0,0,0,0,0,-78,-96,0,-97,-47,-94,0,0,0,0,0,20.6674937012929,-103.46431005746126,0
245,0,0,-91,0,0,-95,0,0,-95,-98,0,0,0,0,0,0,-55,0,0,0,0,0,0,0,0,0,0,-95,0,0,0,0,0,0,0,0,0,0,0,0,0,0,-78,0,0,0,-48,-91,0,0,0,0,0,20.6674937012929,-103.46431005746126,0
246,0,0,-88,0,0,-95,0,0,-95,-98,0,0,0,0,0,0,-57,0,0,0,0,0,0,0,0,0,0,-95,0,0,0,0,-92,0,0,0,0,0,-94,0,0,0,-77,0,0,0,-48,-91,0,0,0,0,0,20.6674937012929,-103.46431005746126,0
247,0,0,-88,0,0,-95,0,0,-95,-98,0,0,0,0,0,0,-57,0,0,0,0,0,0,0,0,0,0,-95,0,0,0,0,-92,0,0,0,0,0,-94,0,0,0,-77,0,0,0,-48,-91,0,0,0,0,0,20.6674937012929,-103.46431005746126,0
248,0,0,-88,0,-98,-98,0,0,0,0,0,0,0,0,0,0,-56,0,0,0,0,0,0,0,0,0,0,-97,0,0,0,0,0,0,0,0,0,0,0,0,0,0,-78,0,0,-94,-46,0,0,0,0,0,0,20.6674937012929,-103.46431005746126,0
249,0,0,-87,0,-98,-98,0,0,-96,0,0,0,0,0,0,0,-58,0,0,0,0,0,0,0,0,0,0,-97,0,0,0,0,-94,0,0,0,0,0,0,0,0,0,-76,-96,0,-94,-46,-94,0,0,0,0,0,20.6674937012929,-103.46431005746126,0
250,0,0,-87,0,-98,-98,0,0,-96,0,0,0,0,0,0,0,-58,0,0,0,0,0,0,0,0,0,0,-97,0,0,0,0,-94,0,0,0,0,0,0,0,0,0,-76,-96,0,-94,-46,-94,0,0,0,0,0,20.6674937012929,-103.46431005746126,0
251,0,0,-88,0,0,0,0,0,0,0,0,0,0,0,0,0,-58,0,0,0,0,0,0,0,0,0,0,-99,0,0,0,0,0,0,0,0,0,0,-91,0,0,0,-76,0,0,0,-45,0,0,0,0,0,0,20.6674937012929,-103.46431005746126,0
252,0,0,-82,0,0,0,0,0,-91,0,0,0,0,0,0,0,-63,0,0,0,0,0,0,0,0,0,0,-96,0,0,0,0,0,0,0,0,0,0,0,0,0,0,-67,0,0,-97,-50,0,0,0,0,0,0,20.667466095757472,-103.46430268138647,0
253,0,0,-82,0,0,0,0,0,-91,0,0,0,0,0,0,0,-63,0,0,0,0,0,0,0,0,0,0,-96,0,0,0,0,0,0,0,0,0,0,0,0,0,0,-67,0,0,-97,-50,0,0,0,0,0,0,20.667466095757472,-103.46430268138647,0
254,0,0,-83,0,-93,0,0,0,0,0,0,0,0,0,0,0,-54,0,0,0,0,0,0,0,0,0,0,-91,0,0,0,0,0,0,0,0,0,0,0,0,0,0,-68,0,0,-93,-49,-95,0,0,0,0,0,20.667466095757472,-103.46430268138647,0
255,0,0,-85,0,-91,0,0,0,0,0,0,0,0,-95,0,0,-61,0,0,0,0,0,0,0,0,0,0,0,0,0,0,0,0,0,0,0,0,0,0,0,0,0,-69,0,0,-89,-46,0,0,0,0,0,0,20.667466095757472,-103.46430268138647,0
256,0,0,-85,0,-91,0,0,0,0,0,0,0,0,-95,0,0,-61,0,0,0,0,0,0,0,0,0,0,0,0,0,0,0,0,0,0,0,0,0,0,0,0,0,-69,0,0,-89,-46,0,0,0,0,0,0,20.667466095757472,-103.46430268138647,0
257,0,0,-77,0,-93,0,0,0,-88,0,0,0,0,0,0,0,-57,0,0,0,0,0,0,0,0,0,0,-91,0,0,0,0,-95,0,0,0,0,0,0,0,0,0,-69,0,0,-87,-52,0,0,0,0,0,0,20.667466095757472,-103.46430268138647,0
258,0,0,-79,0,-90,0,0,0,-94,0,0,0,0,0,0,0,-58,0,0,0,0,0,0,0,0,0,0,-89,0,0,0,0,-90,0,0,0,0,0,-92,0,0,0,-68,0,0,-89,-50,0,0,0,0,0,0,20.667466095757472,-103.46430268138647,0
259,0,0,-79,0,-90,0,0,0,-94,0,0,0,0,0,0,0,-58,0,0,0,0,0,0,0,0,0,0,-89,0,0,0,0,-90,0,0,0,0,0,-92,0,0,0,-68,0,0,-89,-50,0,0,0,0,0,0,20.667466095757472,-103.46430268138647,0
260,0,0,-81,0,0,0,0,0,0,0,0,0,-95,0,0,0,-55,0,0,0,0,0,0,0,0,0,0,-94,0,0,0,0,0,0,0,0,0,0,0,0,0,0,-67,0,0,-94,-42,-96,0,0,0,0,0,20.667466095757472,-103.46430268138647,0
261,0,0,-80,0,0,0,0,0,-95,0,0,0,-95,0,0,0,-57,0,0,-94,0,0,0,0,0,0,0,-93,0,0,0,0,0,0,0,0,0,0,0,0,0,0,-69,0,0,-94,-45,-96,0,0,0,0,0,20.667466095757472,-103.46430268138647,0
262,0,0,-84,0,-93,0,0,0,0,0,0,0,-99,0,0,0,-51,0,0,0,0,0,0,0,0,0,0,0,0,0,0,0,-95,0,0,0,0,0,-92,0,0,0,-63,0,0,-90,-52,0,0,0,0,0,0,20.6674623313659,-103.46433117985725,0
263,0,0,-81,0,-94,0,0,0,0,0,0,0,0,0,0,0,-55,0,0,0,0,0,0,0,0,0,0,0,0,0,0,0,0,0,0,0,0,0,0,0,0,0,-63,0,0,0,-59,0,0,0,0,0,0,20.6674623313659,-103.46433117985725,0
264,0,0,-79,0,-92,0,0,0,0,0,0,0,0,0,0,0,-56,0,0,0,0,0,0,0,0,0,0,0,0,0,0,0,0,0,0,0,0,0,-91,0,0,0,-63,0,0,0,-56,0,0,0,0,0,0,20.6674623313659,-103.46433117985725,0
265,0,0,-79,0,-92,0,0,0,0,0,0,0,0,0,0,0,-56,0,0,0,0,0,0,0,0,0,0,0,0,0,0,0,0,0,0,0,0,0,-91,0,0,0,-63,0,0,0,-56,0,0,0,0,0,0,20.6674623313659,-103.46433117985725,0
266,0,0,-81,0,0,0,0,0,-93,0,0,0,0,0,0,0,-51,0,0,0,0,0,0,0,0,0,0,-97,0,0,0,0,-98,0,0,0,0,0,0,0,0,0,-64,-94,0,0,-58,0,0,0,0,0,0,20.6674623313659,-103.46433117985725,0
267,0,0,-80,0,0,0,0,0,-90,0,0,0,0,0,0,0,-55,0,0,0,0,0,0,0,0,0,0,-97,0,0,0,0,-97,0,0,0,0,0,0,0,0,0,-65,-94,0,-93,-59,-96,0,0,0,0,0,20.6674623313659,-103.46433117985725,0
268,0,0,-80,0,0,0,0,0,-90,0,0,0,0,0,0,0,-55,0,0,0,0,0,0,0,0,0,0,-97,0,0,0,0,-97,0,0,0,0,0,0,0,0,0,-65,-94,0,-93,-59,-96,0,0,0,0,0,20.6674623313659,-103.46433117985725,0
269,0,0,-85,0,-89,0,-96,0,-91,0,0,0,0,0,0,0,-54,0,0,0,0,0,0,0,0,0,0,-98,0,0,0,0,0,0,0,0,0,0,0,0,0,0,-65,0,0,-89,-60,0,0,0,0,0,0,20.6674623313659,-103.46433117985725,0
270,0,0,-80,0,-89,0,-96,0,-91,0,0,0,-95,0,0,0,-55,0,0,0,0,0,0,0,0,0,0,-94,0,0,0,0,-98,0,0,0,0,0,-91,0,0,0,-64,0,0,-89,-58,0,0,0,0,0,0,20.6674623313659,-103.46433117985725,0
271,0,0,-80,0,-89,0,-96,0,-91,0,0,0,-95,0,0,0,-55,0,0,0,0,0,0,0,0,0,0,-94,0,0,0,0,-98,0,0,0,0,0,-91,0,0,0,-64,0,0,-89,-58,0,0,0,0,0,0,20.6674623313659,-103.46433117985725,0
272,0,0,-81,0,0,0,0,0,-93,0,0,0,0,0,0,0,-56,0,0,0,0,0,0,0,0,0,0,-91,0,0,0,0,0,0,0,0,0,0,0,0,0,0,-64,-92,0,-90,-56,-98,0,0,0,0,0,20.667460135470773,-103.46434559673071,0
273,0,0,-81,0,0,0,0,0,-93,0,0,0,0,0,0,0,-56,0,0,0,0,0,0,0,0,0,0,-91,0,0,0,0,0,0,0,0,0,0,0,0,0,0,-64,-92,0,-90,-56,-98,0,0,0,0,0,20.667460135470773,-103.46434559673071,0
274,0,0,-81,0,-98,0,0,0,0,0,0,0,0,0,0,0,-53,0,0,0,0,0,0,0,0,0,0,-99,0,0,0,0,0,0,0,0,0,0,-94,0,0,0,-66,0,0,0,-62,0,0,0,0,0,0,20.667460135470773,-103.46434559673071,0
275,0,0,-83,0,-98,-97,0,0,0,0,0,0,0,0,0,0,-53,0,0,0,0,0,0,0,0,0,0,-99,0,0,0,0,0,0,0,0,0,0,-94,0,0,0,-66,0,0,-87,-62,0,0,0,0,0,0,20.667460135470773,-103.46434559673071,0
276,0,0,-83,0,-98,-97,0,0,0,0,0,0,0,0,0,0,-53,0,0,0,0,0,0,0,0,0,0,-99,0,0,0,0,0,0,0,0,0,0,-94,0,0,0,-66,0,0,-87,-62,0,0,0,0,0,0,20.667460135470773,-103.46434559673071,0
277,0,0,-81,0,-93,0,0,0,0,0,0,0,0,0,0,0,-51,0,0,0,0,0,0,0,0,0,0,-96,0,0,0,0,0,0,0,0,0,0,0,0,0,0,-65,0,0,-91,-62,0,0,0,0,0,0,20.667460135470773,-103.46434559673071,0
278,0,0,-83,0,-93,0,0,0,-94,0,0,0,0,0,0,0,-52,0,0,0,0,0,0,0,0,0,0,-95,0,0,0,0,-96,0,0,0,0,0,0,0,0,0,-65,-96,0,-87,-62,0,0,0,0,0,0,20.667460135470773,-103.46434559673071,0
279,0,0,-83,0,-93,0,0,0,-94,0,0,0,0,0,0,0,-52,0,0,0,0,0,0,0,0,0,0,-95,0,0,0,0,-96,0,0,0,0,0,0,0,0,0,-65,-96,0,-87,-62,0,0,0,0,0,0,20.667460135470773,-103.46434559673071,0
280,0,0,-82,0,0,0,0,0,-98,0,0,0,0,0,0,0,-54,0,0,0,0,0,0,0,0,0,0,-96,0,0,0,0,0,0,0,0,0,0,0,0,0,0,-69,-97,0,0,-61,0,0,0,0,0,0,20.667460135470773,-103.46434559673071,0
281,0,0,-84,0,0,0,0,0,0,0,0,0,0,0,0,0,-53,0,0,0,0,0,0,0,0,0,0,-94,0,-102,0,0,-98,0,0,0,0,0,0,0,0,0,-66,0,0,-92,-63,0,0,0,0,0,0,20.667460135470773,-103.46434559673071,0
282,0,0,-80,0,0,0,0,0,0,0,0,0,0,0,0,0,-58,0,0,0,0,0,0,0,0,0,0,0,0,0,0,0,-95,0,0,0,0,0,0,0,0,0,-65,-96,0,-88,-58,0,0,0,0,0,0,20.66745762587629,-103.46436437219381,0
283,0,0,-80,0,0,0,0,0,-98,0,0,0,0,0,0,0,-60,0,0,0,0,0,0,0,0,0,0,-93,0,0,0,0,-92,0,0,0,0,0,0,0,0,0,-67,-94,0,-84,-63,0,0,0,0,0,0,20.66745762587629,-103.46436437219381,0
284,0,0,-80,0,0,0,0,0,-98,0,0,0,0,0,0,0,-60,0,0,0,0,0,0,0,0,0,0,-93,0,0,0,0,-92,0,0,0,0,0,0,0,0,0,-67,-94,0,-84,-63,0,0,0,0,0,0,20.66745762587629,-103.46436437219381,0
285,0,0,-79,0,0,0,0,0,0,0,0,0,0,0,-97,0,-56,0,0,-95,0,0,0,0,0,0,0,0,0,0,0,0,-93,0,0,0,0,0,-94,0,0,0,-65,0,0,-84,-62,0,0,0,0,0,0,20.66745762587629,-103.46436437219381,0
286,0,0,-78,0,0,0,0,0,0,0,0,0,0,-99,-97,0,-62,0,0,-95,0,0,0,0,0,0,0,-92,0,0,0,0,-90,0,0,0,0,0,-92,0,0,0,-65,0,0,-83,-63,0,0,0,0,0,0,20.66745762587629,-103.46436437219381,0
287,0,0,-78,0,0,0,0,0,0,0,0,0,0,-99,-97,0,-62,0,0,-95,0,0,0,0,0,0,0,-92,0,0,0,0,-90,0,0,0,0,0,-92,0,0,0,-65,0,0,-83,-63,0,0,0,0,0,0,20.66745762587629,-103.46436437219381,0
288,0,0,-74,0,0,0,-95,0,-92,0,0,0,-97,0,0,0,-55,0,0,0,0,0,0,0,0,0,0,0,0,0,0,0,0,0,0,0,0,0,0,0,0,0,-67,0,0,-83,-62,-99,0,0,0,0,0,20.66745762587629,-103.46436437219381,0
289,0,0,-79,0,-96,0,-95,0,-92,0,0,0,-94,0,0,0,-59,0,0,0,0,0,0,0,0,0,0,0,0,0,0,0,-98,0,0,0,0,0,0,0,-98,0,-65,0,0,-87,-56,-99,0,0,0,0,0,20.66745762587629,-103.46436437219381,0
290,0,0,-79,0,-96,0,-95,0,-92,0,0,0,-94,0,0,0,-59,0,0,0,0,0,0,0,0,0,0,0,0,0,0,0,-98,0,0,0,0,0,0,0,-98,0,-65,0,0,-87,-56,-99,0,0,0,0,0,20.66745762587629,-103.46436437219381,0
291,0,0,-80,0,0,0,-95,0,0,0,0,0,-98,0,0,0,-52,0,0,0,0,0,0,0,0,0,0,0,0,0,0,0,0,0,0,0,0,0,0,0,0,0,-64,0,0,-84,-63,0,0,0,0,0,0,20.66745762587629,-103.46436437219381,0
292,0,0,-80,0,0,0,0,0,0,0,0,0,0,0,0,0,-57,0,0,0,0,0,0,0,0,0,0,-92,0,0,0,0,0,0,0,0,0,0,-92,0,0,0,-65,0,0,-90,-68,0,0,0,0,0,0,20.66745825327491,-103.46438717097044,0
293,0,0,-78,0,0,0,0,0,-93,0,0,0,0,0,0,0,-59,0,0,0,0,0,0,0,0,0,0,0,0,0,0,0,0,0,0,0,0,0,0,0,0,0,-63,-95,0,-87,-59,0,0,0,0,0,0,20.66745825327491,-103.46438717097044,0
294,0,0,-77,0,0,0,0,0,-92,0,0,0,0,0,0,0,-57,0,0,0,0,0,0,0,0,0,0,0,0,0,0,0,0,0,0,0,0,0,0,0,0,0,-62,-95,0,-86,-56,0,0,0,0,0,0,20.66745825327491,-103.46438717097044,0
295,0,0,-77,0,0,0,0,0,-92,0,0,0,0,0,0,0,-57,0,0,0,0,0,0,0,0,0,0,0,0,0,0,0,0,0,0,0,0,0,0,0,0,0,-62,-95,0,-86,-56,0,0,0,0,0,0,20.66745825327491,-103.46438717097044,0
296,0,0,-76,0,0,0,0,0,-94,0,0,0,0,0,0,0,-55,0,0,0,0,0,0,0,0,0,0,0,0,-95,0,0,0,0,0,0,0,0,-91,0,0,0,-63,-92,0,-86,-55,-100,0,0,0,0,0,20.66745825327491,-103.46438717097044,0
297,0,0,-72,0,0,0,0,0,-98,0,0,0,0,-94,0,0,-54,0,0,-92,0,0,0,0,0,0,0,0,0,-93,0,0,0,0,0,0,0,0,-91,0,0,0,-67,-95,0,-87,-55,-99,0,0,0,0,0,20.66745825327491,-103.46438717097044,0
298,0,0,-72,0,0,0,0,0,-98,0,0,0,0,-94,0,0,-54,0,0,-92,0,0,0,0,0,0,0,0,0,-93,0,0,0,0,0,0,0,0,-91,0,0,0,-67,-95,0,-87,-55,-99,0,0,0,0,0,20.66745825327491,-103.46438717097044,0
299,0,0,-77,0,0,0,0,0,-95,0,0,0,0,0,0,0,-59,0,0,0,0,0,0,0,0,0,0,-94,0,0,0,0,0,0,0,0,0,0,0,0,0,0,-61,0,0,-84,-59,0,0,0,0,0,0,20.66745825327491,-103.46438717097044,0
300,0,0,-79,0,0,0,0,0,-95,0,0,0,0,0,0,0,-59,0,0,0,0,0,0,0,0,0,0,-94,0,0,0,0,0,0,0,0,0,0,0,0,0,0,-63,0,0,-84,-58,0,0,0,0,0,0,20.66745825327491,-103.46438717097044,0
301,0,0,-79,0,0,0,0,0,-95,0,0,0,0,0,0,0,-59,0,0,0,0,0,0,0,0,0,0,-94,0,0,0,0,0,0,0,0,0,0,0,0,0,0,-63,0,0,-84,-58,0,0,0,0,0,0,20.66745825327491,-103.46438717097044,0
302,0,0,-81,0,0,0,0,0,-92,0,0,0,0,0,0,0,-57,0,0,0,0,0,0,0,0,0,0,-92,0,0,0,0,0,0,0,0,0,0,-94,0,0,0,-66,0,0,-88,-62,0,0,0,0,0,0,20.667458566974226,-103.46440762281418,0
303,0,0,-78,0,0,0,0,0,-91,0,0,0,0,0,0,0,-54,0,0,0,0,0,0,0,0,0,0,-93,0,0,0,0,0,0,0,0,0,0,0,0,0,0,-64,0,0,-85,-65,-90,0,0,0,0,0,20.667458566974226,-103.46440762281418,0
304,0,0,-78,0,0,0,0,0,-91,0,0,0,0,0,0,0,-54,0,0,0,0,0,0,0,0,0,0,-93,0,0,0,0,0,0,0,0,0,0,0,0,0,0,-64,0,0,-85,-65,-90,0,0,0,0,0,20.667458566974226,-103.46440762281418,0
305,0,0,-80,0,0,0,0,0,-91,0,0,0,-96,-93,-95,0,-54,0,0,0,0,0,0,0,0,0,0,0,0,0,0,0,0,0,0,0,0,0,-93,0,0,0,-66,0,0,-85,-66,-99,-96,0,0,0,0,20.667458566974226,-103.46440762281418,0
306,0,0,-83,0,0,0,0,0,-90,0,0,0,0,0,0,0,-56,0,0,0,0,0,0,0,0,0,0,-99,0,0,0,0,0,0,0,0,0,0,-92,0,0,0,-66,-96,0,-84,-66,0,0,0,0,0,0,20.667458566974226,-103.46440762281418,0
307,0,0,-83,0,0,0,0,0,-90,0,0,0,0,0,0,0,-56,0,0,0,0,0,0,0,0,0,0,-99,0,0,0,0,0,0,0,0,0,0,-92,0,0,0,-66,-96,0,-84,-66,0,0,0,0,0,0,20.667458566974226,-103.46440762281418,0
308,0,0,-82,0,0,0,-96,0,-90,0,0,0,0,0,-94,0,-55,0,0,0,0,0,0,0,0,0,0,0,0,0,0,0,0,0,0,0,0,0,0,0,0,0,-66,0,0,-87,-64,-93,0,0,0,0,0,20.667458566974226,-103.46440762281418,0
309,0,0,-79,0,0,0,0,0,0,0,0,0,0,0,0,0,-58,0,0,0,0,0,0,0,0,0,0,0,0,0,0,0,0,0,0,0,0,0,0,0,0,0,-64,-95,0,-86,-67,-91,0,0,0,0,0,20.667458566974226,-103.46440762281418,0
310,0,0,-79,0,0,0,0,0,0,0,0,0,0,0,0,0,-58,0,0,0,0,0,0,0,0,0,0,0,0,0,0,0,0,0,0,0,0,0,0,0,0,0,-64,-95,0,-86,-67,-91,0,0,0,0,0,20.667458566974226,-103.46440762281418,0
311,0,0,-80,0,0,0,-95,0,-90,0,0,0,-94,-97,-94,0,-55,0,0,0,0,0,0,0,0,0,0,0,0,0,0,0,0,0,0,0,0,0,0,0,0,0,-65,0,0,-88,-70,0,-93,0,0,0,0,20.667458566974226,-103.46440762281418,0
312,0,0,-86,0,0,0,0,0,-95,0,0,0,0,0,0,0,-60,0,0,0,0,0,0,0,0,0,0,0,0,0,0,0,0,0,0,0,0,0,-96,0,0,0,-68,-94,0,-86,-56,0,0,0,0,0,0,20.667438176517688,-103.46429463475943,0
313,0,0,-86,0,0,0,0,0,-95,0,0,0,0,0,0,0,-60,0,0,0,0,0,0,0,0,0,0,0,0,0,0,0,0,0,0,0,0,0,-96,0,0,0,-68,-94,0,-86,-56,0,0,0,0,0,0,20.667438176517688,-103.46429463475943,0
314,0,0,-87,0,0,0,0,0,-90,0,0,0,0,0,0,0,-58,0,0,0,0,0,0,0,0,0,0,0,0,0,0,0,0,0,0,0,0,0,0,0,0,0,-65,0,0,-89,-55,0,0,0,0,0,0,20.667438176517688,-103.46429463475943,0
315,0,0,-86,0,-92,0,0,0,-90,0,0,0,0,0,0,0,-57,0,0,0,0,0,0,0,0,0,0,0,0,0,0,0,-96,0,0,0,0,0,0,0,0,0,-69,0,0,-86,-52,0,0,0,0,0,0,20.667438176517688,-103.46429463475943,0
316,0,0,-86,0,-92,0,0,0,-90,0,0,0,0,0,0,0,-57,0,0,0,0,0,0,0,0,0,0,0,0,0,0,0,-96,0,0,0,0,0,0,0,0,0,-69,0,0,-86,-52,0,0,0,0,0,0,20.667438176517688,-103.46429463475943,0
317,0,0,-85,0,0,0,0,0,0,0,0,0,0,0,0,0,-56,0,0,0,0,0,0,0,0,0,0,-96,0,0,0,0,-95,0,0,0,0,0,0,0,0,0,-70,0,0,-84,-52,0,0,0,0,0,0,20.667438176517688,-103.46429463475943,0
318,0,0,-82,0,-89,0,0,0,0,0,0,0,0,0,0,0,-53,0,0,0,0,0,0,0,0,0,0,-96,0,0,0,0,-93,0,0,0,0,0,0,0,0,0,-67,-98,0,-89,-52,0,0,0,0,0,0,20.667438176517688,-103.46429463475943,0
319,0,0,-82,0,-89,0,0,0,0,0,0,0,0,0,0,0,-53,0,0,0,0,0,0,0,0,0,0,-96,0,0,0,0,-93,0,0,0,0,0,0,0,0,0,-67,-98,0,-89,-52,0,0,0,0,0,0,20.667438176517688,-103.46429463475943,0
320,0,0,-83,0,0,-94,0,0,0,0,0,0,0,0,0,0,-59,0,0,0,0,0,0,0,0,0,0,-96,0,0,0,0,0,0,0,-99,0,0,0,0,0,0,-69,0,0,-90,-52,-95,0,0,0,0,0,20.667438176517688,-103.46429463475943,0
321,0,0,-84,0,0,-94,0,0,0,0,0,0,0,0,0,0,-61,0,0,0,0,0,0,0,0,0,0,-96,0,0,0,0,-96,0,0,-99,0,0,0,0,0,0,-68,-95,0,-87,-52,-99,0,0,0,0,0,20.667438176517688,-103.46429463475943,0
322,0,0,-82,0,0,0,0,0,-87,0,0,0,0,0,0,0,-56,0,0,0,0,0,0,0,0,0,0,-93,0,0,0,0,-95,0,0,0,0,0,-95,0,0,0,-65,-94,0,-85,-63,0,0,0,0,0,0,20.66744005871378,-103.4643268212676,0
323,0,0,-82,0,0,0,0,0,-87,0,0,0,0,0,0,0,-56,0,0,0,0,0,0,0,0,0,0,-93,0,0,0,0,-95,0,0,0,0,0,-95,0,0,0,-65,-94,0,-85,-63,0,0,0,0,0,0,20.66744005871378,-103.4643268212676,0
324,0,0,-83,0,-92,0,0,0,0,0,0,0,0,0,0,0,-55,0,0,-91,0,0,0,0,0,0,0,0,0,0,0,0,-91,0,0,0,0,0,0,0,0,0,-64,0,0,-82,-56,0,0,0,0,0,0,20.66744005871378,-103.4643268212676,0
325,0,0,-82,0,0,0,0,0,-92,0,0,0,0,0,0,0,-53,0,0,0,0,0,0,0,0,0,0,-95,0,0,0,0,-94,0,0,0,0,0,0,0,0,0,-63,0,0,-82,-57,0,0,0,0,0,0,20.66744005871378,-103.4643268212676,0
326,0,0,-82,0,0,0,0,0,-92,0,0,0,0,0,0,0,-53,0,0,0,0,0,0,0,0,0,0,-95,0,0,0,0,-94,0,0,0,0,0,0,0,0,0,-63,0,0,-82,-57,0,0,0,0,0,0,20.66744005871378,-103.4643268212676,0
327,0,0,-81,0,0,0,0,0,-90,0,0,0,0,0,0,0,-53,0,0,-93,0,0,0,0,0,0,0,0,0,0,0,0,0,0,0,0,0,0,-90,0,0,0,-64,0,0,-83,-56,0,0,0,0,0,0,20.66744005871378,-103.4643268212676,0
328,0,0,-84,0,-95,0,0,0,0,0,0,0,0,0,0,0,-54,0,0,0,0,0,0,0,0,0,0,-97,0,0,0,0,0,0,0,0,0,0,0,0,0,0,-63,0,0,-82,-57,0,-98,0,0,0,0,20.66744005871378,-103.4643268212676,0
329,0,0,-84,0,-95,0,0,0,0,0,0,0,0,0,0,0,-54,0,0,0,0,0,0,0,0,0,0,-97,0,0,0,0,0,0,0,0,0,0,0,0,0,0,-63,0,0,-82,-57,0,-98,0,0,0,0,20.66744005871378,-103.4643268212676,0
330,0,0,-80,0,0,0,0,0,-90,0,0,0,0,0,0,0,-58,0,0,0,0,0,0,0,0,0,0,-94,0,0,0,0,0,0,0,0,0,0,0,0,0,0,-65,0,0,0,-54,0,0,0,0,0,0,20.66744005871378,-103.4643268212676,0
331,0,0,-82,0,0,0,0,0,-91,0,0,0,0,0,0,0,-58,0,0,-94,0,0,0,0,0,0,0,-91,0,0,0,0,-92,0,0,0,0,0,0,0,0,0,-67,0,0,-83,-58,0,0,0,0,0,0,20.66744005871378,-103.4643268212676,0
332,0,0,-86,0,0,0,0,0,0,0,0,0,0,0,0,0,-56,0,0,0,0,0,0,0,0,0,0,-92,0,0,0,0,0,0,0,0,0,0,0,0,0,0,-68,0,0,-81,-58,0,0,0,0,0,0,20.66743754911898,-103.46434324979782,0
333,0,0,-86,0,0,0,0,0,-90,0,0,0,0,0,0,0,-52,0,0,0,0,0,0,0,0,0,0,-98,0,0,0,0,-99,0,0,0,0,0,0,0,0,0,-66,-99,0,-88,-60,0,0,0,0,0,0,20.66743754911898,-103.46434324979782,0
334,0,0,-85,0,0,0,-98,0,-90,0,0,0,-98,0,0,0,-52,0,0,0,0,0,0,0,0,0,-99,-98,0,0,0,0,-95,0,0,0,0,0,-97,0,0,0,-66,-96,0,-88,-61,-99,0,0,0,0,0,20.66743754911898,-103.46434324979782,0
335,0,0,-85,0,0,0,-98,0,-90,0,0,0,-98,0,0,0,-52,0,0,0,0,0,0,0,0,0,-99,-98,0,0,0,0,-95,0,0,0,0,0,-97,0,0,0,-66,-96,0,-88,-61,-99,0,0,0,0,0,20.66743754911898,-103.46434324979782,0
336,0,0,-88,0,0,0,0,0,-91,0,0,0,0,0,0,0,-51,0,0,0,0,0,0,0,0,0,0,0,0,0,0,0,-97,0,0,0,0,0,0,0,0,0,-68,0,0,-90,-55,0,0,0,0,0,0,20.66743754911898,-103.46434324979782,0
337,0,0,-84,0,0,0,0,0,-90,0,0,0,0,0,0,0,-53,0,0,0,0,0,0,0,0,0,0,0,0,0,0,0,-94,0,0,0,0,0,-94,0,0,0,-67,0,0,-90,-52,0,0,0,0,0,0,20.66743754911898,-103.46434324979782,0
338,0,0,-84,0,0,0,0,0,-90,0,0,0,0,0,0,0,-53,0,0,0,0,0,0,0,0,0,0,0,0,0,0,0,-94,0,0,0,0,0,-94,0,0,0,-67,0,0,-90,-52,0,0,0,0,0,0,20.66743754911898,-103.46434324979782,0
339,0,0,-89,0,0,0,-98,0,-90,0,0,0,0,0,0,0,-54,0,0,0,0,0,0,0,0,0,0,0,0,0,0,0,-96,0,0,0,0,0,0,0,0,0,-69,0,0,-89,-53,0,0,0,0,0,0,20.66743754911898,-103.46434324979782,0
340,0,0,-84,0,0,0,-97,0,-90,0,0,0,-98,0,0,0,-56,0,0,0,0,0,0,0,0,0,0,0,0,0,0,0,-94,0,0,0,0,0,0,0,0,0,-77,0,0,0,-56,-100,0,0,0,0,0,20.66743754911898,-103.46434324979782,0
341,0,0,-84,0,0,0,-97,0,-90,0,0,0,-98,0,0,0,-56,0,0,0,0,0,0,0,0,0,0,0,0,0,0,0,-94,0,0,0,0,0,0,0,0,0,-77,0,0,0,-56,-100,0,0,0,0,0,20.66743754911898,-103.46434324979782,0
342,0,0,-84,0,0,0,0,0,0,0,0,0,0,0,0,0,-59,0,0,0,0,0,0,0,0,0,0,-94,0,0,0,0,0,0,0,0,0,0,-91,0,0,0,-66,-97,0,-87,-60,0,0,0,0,0,0,20.66743409842606,-103.4643616899848,0
343,0,0,-78,0,-94,0,0,0,-93,0,0,0,0,0,0,0,-56,0,0,0,0,0,0,0,0,0,0,0,0,0,0,0,0,0,0,0,0,0,0,0,0,0,-63,0,0,-89,-52,0,0,0,0,0,0,20.66743409842606,-103.4643616899848,0
344,0,0,-78,0,-94,0,0,0,-93,0,0,0,0,0,0,0,-56,0,0,0,0,0,0,0,0,0,0,0,0,0,0,0,0,0,0,0,0,0,0,0,0,0,-63,0,0,-89,-52,0,0,0,0,0,0,20.66743409842606,-103.4643616899848,0
345,0,0,-83,0,-92,0,0,0,0,0,0,0,-100,-101,-98,0,-54,0,0,0,0,0,0,0,0,0,0,-92,0,0,0,0,0,0,0,0,0,0,-92,0,0,0,-66,0,0,0,-57,0,0,0,0,0,0,20.66743409842606,-103.4643616899848,0
346,0,0,-85,0,0,0,0,0,0,0,0,0,0,0,0,0,-59,0,0,0,0,0,0,0,0,0,0,-95,0,0,0,0,0,0,0,0,0,0,0,0,0,0,-67,0,0,-89,-53,0,0,0,0,0,0,20.66743409842606,-103.4643616899848,0
347,0,0,-85,0,0,0,0,0,0,0,0,0,0,0,0,0,-59,0,0,0,0,0,0,0,0,0,0,-95,0,0,0,0,0,0,0,0,0,0,0,0,0,0,-67,0,0,-89,-53,0,0,0,0,0,0,20.66743409842606,-103.4643616899848,0
348,0,0,-79,0,-92,0,0,0,0,0,0,0,0,0,0,0,-55,0,0,0,0,0,0,0,0,0,0,0,0,0,0,0,0,0,0,0,0,0,-92,0,0,0,-65,0,0,-94,-52,0,0,0,0,0,0,20.66743409842606,-103.4643616899848,0
349,0,0,-79,0,0,0,0,0,-92,0,0,0,0,0,0,0,-59,0,0,0,0,0,0,0,0,0,0,0,0,0,0,0,0,0,0,0,0,0,0,0,0,0,-69,-92,0,-90,-53,0,0,0,0,0,0,20.66743409842606,-103.4643616899848,0
350,0,0,-79,0,0,0,0,0,-92,0,0,0,0,0,0,0,-59,0,0,0,0,0,0,0,0,0,0,0,0,0,0,0,0,0,0,0,0,0,0,0,0,0,-69,-92,0,-90,-53,0,0,0,0,0,0,20.66743409842606,-103.4643616899848,0
351,0,0,-80,0,-92,0,0,0,-94,0,0,0,0,0,0,0,-59,0,0,0,0,0,0,0,0,0,0,0,0,-94,0,0,0,0,0,0,0,0,-95,0,0,0,-68,0,0,-88,-59,0,0,0,0,0,0,20.66743409842606,-103.4643616899848,0
352,0,0,-84,0,0,0,0,0,0,0,0,0,0,0,0,0,-63,0,0,0,0,0,0,0,0,0,0,-97,0,0,0,0,0,0,0,0,0,0,0,0,0,0,-68,0,0,-88,-63,0,0,0,0,0,0,20.667433471027326,-103.46438582986593,0
353,0,0,-80,0,0,0,0,0,0,0,0,0,0,0,0,0,-56,0,0,0,0,0,0,0,0,0,0,0,0,0,0,0,0,0,0,0,0,0,0,0,0,0,-67,-93,0,-86,-61,0,0,0,0,0,0,20.667433471027326,-103.46438582986593,0
354,0,0,-80,0,0,0,0,0,-93,0,0,0,0,0,0,0,-57,0,0,0,0,0,0,0,0,0,0,0,0,0,0,0,0,0,0,0,0,0,-94,0,0,0,-65,0,0,-85,-60,0,0,0,0,0,0,20.667433471027326,-103.46438582986593,0
355,0,0,-80,0,0,0,0,0,-93,0,0,0,0,0,0,0,-57,0,0,0,0,0,0,0,0,0,0,0,0,0,0,0,0,0,0,0,0,0,-94,0,0,0,-65,0,0,-85,-60,0,0,0,0,0,0,20.667433471027326,-103.46438582986593,0
356,0,0,-83,0,0,0,0,0,-95,0,0,0,0,0,0,0,-56,0,0,0,0,0,0,0,0,0,0,0,0,0,0,0,0,0,0,0,0,0,0,0,0,0,-64,0,0,0,-59,0,0,0,0,0,0,20.667433471027326,-103.46438582986593,0
357,0,0,-86,0,0,0,0,0,0,0,0,0,0,0,0,0,-56,0,0,0,0,0,0,0,0,0,0,0,0,0,0,0,0,0,0,0,0,0,0,0,0,0,-63,0,0,-86,-59,0,0,0,0,0,0,20.667433471027326,-103.46438582986593,0
358,0,0,-86,0,0,0,0,0,0,0,0,0,0,0,0,0,-56,0,0,0,0,0,0,0,0,0,0,0,0,0,0,0,0,0,0,0,0,0,0,0,0,0,-63,0,0,-86,-59,0,0,0,0,0,0,20.667433471027326,-103.46438582986593,0
359,0,0,-77,0,0,0,0,0,0,0,0,0,0,0,0,0,-62,0,0,0,0,0,0,0,0,0,0,0,0,0,0,0,0,0,0,0,0,0,0,0,0,0,-69,0,0,0,-66,0,0,0,0,0,0,20.667433471027326,-103.46438582986593,0
360,0,0,-81,0,-93,0,0,0,0,0,0,0,0,0,0,0,-63,0,0,0,0,0,0,0,0,0,0,0,0,0,0,0,0,0,0,0,0,0,0,0,0,0,-67,-93,0,-84,-64,0,0,0,0,0,0,20.667433471027326,-103.46438582986593,0
361,0,0,-81,0,-93,0,0,0,0,0,0,0,0,0,0,0,-63,0,0,0,0,0,0,0,0,0,0,0,0,0,0,0,0,0,0,0,0,0,0,0,0,0,-67,-93,0,-84,-64,0,0,0,0,0,0,20.667433471027326,-103.46438582986593,0
362,0,0,-78,0,-98,0,0,0,0,0,0,0,0,-92,0,0,-57,0,0,0,0,0,0,0,0,0,0,0,0,0,0,0,-100,0,0,0,0,0,0,0,0,0,-62,0,0,0,-63,0,0,0,0,0,0,20.66743096143241,-103.46440594643354,0
363,0,0,-78,0,-98,0,0,0,0,0,0,0,0,-92,0,0,-57,0,0,0,0,0,0,0,0,0,0,0,0,0,0,0,-100,0,0,0,0,0,0,0,0,0,-62,0,0,0,-63,0,0,0,0,0,0,20.66743096143241,-103.46440594643354,0
364,0,0,-78,0,-94,0,0,0,0,0,0,0,0,0,0,0,-56,0,0,-96,0,0,0,0,0,0,0,-95,0,0,0,0,0,0,0,0,0,0,0,0,0,0,-60,0,0,-92,-66,0,0,0,0,0,0,20.66743096143241,-103.46440594643354,0
365,0,0,-77,0,0,0,0,0,0,0,0,0,0,0,0,0,-60,0,0,0,0,0,0,0,0,0,0,0,0,0,0,0,0,0,0,0,0,0,0,0,0,0,-64,0,0,-94,-59,0,0,0,0,0,0,20.66743096143241,-103.46440594643354,0
366,0,0,-77,0,0,0,0,0,0,0,0,0,0,0,0,0,-60,0,0,0,0,0,0,0,0,0,0,0,0,0,0,0,0,0,0,0,0,0,0,0,0,0,-64,0,0,-94,-59,0,0,0,0,0,0,20.66743096143241,-103.46440594643354,0
367,0,0,-81,0,0,0,0,0,-96,0,0,0,0,-97,0,0,-56,0,0,0,0,0,0,0,0,0,0,0,0,0,0,0,0,0,0,0,0,0,0,0,0,0,-62,0,0,-93,-63,0,0,0,0,0,0,20.66743096143241,-103.46440594643354,0
368,0,0,-77,0,-95,0,0,0,0,0,0,0,0,0,0,0,-55,0,0,0,0,0,0,0,0,0,-99,0,0,0,0,0,0,0,0,0,0,0,0,0,0,0,-62,0,0,-91,-62,0,0,0,0,0,0,20.66743096143241,-103.46440594643354,0
369,0,0,-77,0,-95,0,0,0,0,0,0,0,0,0,0,0,-55,0,0,0,0,0,0,0,0,0,-99,0,0,0,0,0,0,0,0,0,0,0,0,0,0,0,-62,0,0,-91,-62,0,0,0,0,0,0,20.66743096143241,-103.46440594643354,0
370,0,0,-83,0,-95,0,0,0,0,0,0,0,0,-96,0,0,-57,0,0,0,0,0,0,0,0,0,0,0,0,0,0,0,0,0,0,0,0,0,0,0,0,0,-62,0,0,0,-62,0,0,0,0,0,0,20.66743096143241,-103.46440594643354,0
371,0,0,-84,0,0,0,0,0,-93,0,0,0,0,0,0,0,-55,0,0,0,0,0,0,0,0,0,0,0,0,0,0,0,0,0,0,0,0,0,0,0,0,0,-62,-95,0,-91,-60,0,0,0,0,0,0,20.66743096143241,-103.46440594643354,0
372,0,0,-76,0,0,0,0,0,-87,0,0,0,0,0,0,0,-60,0,0,0,0,0,0,0,0,0,0,0,0,0,0,0,0,0,0,0,0,0,0,0,0,0,-66,0,0,-90,-62,0,0,0,0,0,0,20.667409943573347,-103.4644153341651,0
373,0,0,-82,0,-91,0,0,0,-89,0,0,0,0,-94,0,0,-61,0,0,-91,0,0,0,0,0,0,0,0,0,0,0,0,0,0,0,0,0,0,0,0,0,0,-69,0,0,-92,-62,0,0,0,0,0,0,20.667409943573347,-103.4644153341651,0
374,0,0,-83,0,-91,0,0,0,-88,0,0,0,0,-92,0,0,-60,0,0,-93,0,0,0,0,0,0,0,-95,0,0,0,0,0,0,0,0,0,0,0,0,0,0,-68,0,0,-92,-63,0,0,0,0,0,0,20.667409943573347,-103.4644153341651,0
375,0,0,-83,0,-91,0,0,0,-88,0,0,0,0,-92,0,0,-60,0,0,-93,0,0,0,0,0,0,0,-95,0,0,0,0,0,0,0,0,0,0,0,0,0,0,-68,0,0,-92,-63,0,0,0,0,0,0,20.667409943573347,-103.4644153341651,0
376,0,0,-85,0,0,0,0,0,-88,0,0,0,0,-92,0,0,-60,0,0,0,0,0,0,0,0,0,0,0,0,-97,0,0,0,0,0,0,0,0,0,0,0,0,-65,0,0,-94,-61,0,0,0,0,0,0,20.667409943573347,-103.4644153341651,0
377,0,0,-84,0,-89,0,0,0,-89,0,0,0,0,-92,0,0,-64,0,0,-92,0,0,0,0,0,0,0,-95,0,0,0,0,0,0,0,0,0,0,0,0,0,0,-67,0,0,0,-62,0,0,0,0,0,0,20.667409943573347,-103.4644153341651,0
378,0,0,-84,0,-89,0,0,0,-89,0,0,0,0,-92,0,0,-64,0,0,-92,0,0,0,0,0,0,0,-95,0,0,0,0,0,0,0,0,0,0,0,0,0,0,-67,0,0,0,-62,0,0,0,0,0,0,20.667409943573347,-103.4644153341651,0
379,0,0,-83,0,-94,0,0,0,-94,0,0,0,0,-95,0,0,-63,0,0,0,0,0,0,0,0,0,0,0,0,0,0,0,0,0,0,0,0,0,-95,0,0,0,-68,0,0,-89,-65,0,0,0,0,0,0,20.667409943573347,-103.4644153341651,0
380,0,0,-81,0,-89,0,0,0,-87,0,0,0,0,0,0,0,-61,0,0,-94,0,0,0,0,0,0,0,0,0,0,0,0,0,0,0,0,0,0,0,0,0,0,-66,0,0,-89,-62,0,0,0,0,0,0,20.667409943573347,-103.4644153341651,0
381,0,0,-81,0,-89,0,0,0,-87,0,0,0,0,0,0,0,-61,0,0,-94,0,0,0,0,0,0,0,0,0,0,0,0,0,0,0,0,0,0,0,0,0,0,-66,0,0,-89,-62,0,0,0,0,0,0,20.667409943573347,-103.4644153341651,0
382,0,0,-89,0,-94,0,0,0,0,0,0,0,0,-96,0,0,-63,0,0,-94,0,0,0,0,0,0,0,0,0,0,0,0,0,0,0,0,0,0,0,0,0,0,-73,0,0,0,-64,0,0,0,0,0,0,20.667392690104776,-103.46438314765692,0
383,0,0,-88,-98,0,0,0,0,-86,0,0,0,0,0,0,0,-70,0,0,0,0,0,0,0,0,0,0,0,0,0,0,0,0,0,0,0,0,0,-94,0,0,0,-68,-94,0,-90,-62,0,0,0,0,0,0,20.667392690104776,-103.46438314765692,0
384,0,0,-87,0,0,0,0,0,0,0,0,0,-97,-91,0,0,-66,0,0,0,0,0,0,0,0,0,0,0,0,0,0,0,0,0,0,0,0,0,0,0,0,0,-68,0,0,-92,-65,-97,0,0,0,0,0,20.667392690104776,-103.46438314765692,0
385,0,0,-87,0,0,0,0,0,0,0,0,0,-97,-91,0,0,-66,0,0,0,0,0,0,0,0,0,0,0,0,0,0,0,0,0,0,0,0,0,0,0,0,0,-68,0,0,-92,-65,-97,0,0,0,0,0,20.667392690104776,-103.46438314765692,0
386,0,0,-90,0,0,0,0,0,-88,0,0,0,0,0,0,0,-67,0,0,0,0,0,0,0,0,0,0,0,0,0,0,0,0,0,0,0,0,0,-96,0,0,0,-65,-95,0,0,-63,-95,0,0,0,0,0,20.667392690104776,-103.46438314765692,0
387,0,0,-89,0,0,0,0,0,-86,0,0,0,-92,0,0,0,-66,0,0,0,0,0,0,0,0,0,0,0,0,0,0,0,0,0,0,0,0,0,0,0,0,0,-66,0,0,-92,-64,0,0,0,0,0,0,20.667392690104776,-103.46438314765692,0
388,0,0,-89,0,0,0,0,0,-86,0,0,0,-92,0,0,0,-66,0,0,0,0,0,0,0,0,0,0,0,0,0,0,0,0,0,0,0,0,0,0,0,0,0,-66,0,0,-92,-64,0,0,0,0,0,0,20.667392690104776,-103.46438314765692,0
389,0,0,-87,0,0,0,0,0,-89,0,0,0,0,0,0,0,-64,0,0,0,0,0,0,0,0,0,0,-98,0,0,0,0,0,0,0,0,0,0,0,0,0,0,-67,-93,0,0,-67,0,0,0,0,0,0,20.667392690104776,-103.46438314765692,0
390,0,0,-86,-94,0,0,0,0,-88,0,0,0,-94,0,0,0,-67,0,0,0,0,0,0,0,0,0,0,-98,0,0,0,0,0,0,0,0,0,0,0,0,0,0,-67,-93,0,0,-64,0,0,0,0,0,0,20.667392690104776,-103.46438314765692,0
391,0,0,-86,-94,0,0,0,0,-88,0,0,0,-94,0,0,0,-67,0,0,0,0,0,0,0,0,0,0,-98,0,0,0,0,0,0,0,0,0,0,0,0,0,0,-67,-93,0,0,-64,0,0,0,0,0,0,20.667392690104776,-103.46438314765692,0
392,0,0,-84,0,0,0,-97,0,-93,0,0,0,0,0,0,0,-57,0,0,0,0,0,0,0,0,0,0,-97,0,0,0,0,0,0,0,0,0,0,0,0,0,0,-68,-98,0,-86,-52,0,0,0,0,0,0,20.667413080567417,-103.46433755010366,0
393,0,0,-84,0,0,0,-97,0,-93,0,0,0,0,0,0,0,-57,0,0,0,0,0,0,0,0,0,0,-97,0,0,0,0,0,0,0,0,0,0,0,0,0,0,-68,-98,0,-86,-52,0,0,0,0,0,0,20.667413080567417,-103.46433755010366,0
394,0,0,-80,0,-92,0,-96,0,0,0,0,0,-95,0,0,0,-54,0,0,0,0,0,0,0,0,0,0,-95,0,0,0,0,0,0,0,0,0,0,0,0,0,0,-70,0,0,-87,-60,0,0,0,0,0,0,20.667413080567417,-103.46433755010366,0
395,0,0,-85,0,-97,0,0,0,-94,0,0,0,0,0,0,0,-53,0,0,0,0,0,-95,0,0,0,0,-95,0,0,0,0,-98,0,0,0,0,0,0,0,0,0,-67,0,0,-90,-55,0,0,0,0,0,0,20.667413080567417,-103.46433755010366,0
396,0,0,-85,0,-97,0,0,0,-94,0,0,0,0,0,0,0,-53,0,0,0,0,0,-95,0,0,0,0,-95,0,0,0,0,-98,0,0,0,0,0,0,0,0,0,-67,0,0,-90,-55,0,0,0,0,0,0,20.667413080567417,-103.46433755010366,0
397,0,0,-83,0,0,0,0,0,0,0,0,0,0,0,0,0,-59,0,0,0,0,0,0,0,0,0,0,-93,0,0,0,0,0,0,0,0,0,0,0,0,0,0,-67,0,0,-89,-56,0,0,-95,0,0,0,20.667413080567417,-103.46433755010366,0
398,0,0,-82,0,0,0,0,0,0,0,0,0,0,0,0,0,-55,0,0,0,0,0,0,0,0,0,0,-93,0,0,0,0,0,0,0,0,0,0,0,0,0,0,-65,0,0,-91,-55,0,0,-97,0,0,0,20.667413080567417,-103.46433755010366,0
399,0,0,-82,0,0,0,0,0,0,0,0,0,0,0,0,0,-55,0,0,0,0,0,0,0,0,0,0,-93,0,0,0,0,0,0,0,0,0,0,0,0,0,0,-65,0,0,-91,-55,0,0,-97,0,0,0,20.667413080567417,-103.46433755010366,0
400,0,0,-86,0,0,0,0,0,0,0,0,0,0,0,-93,0,-57,0,0,0,0,0,0,0,0,0,0,0,0,0,0,0,0,0,0,0,0,0,0,0,0,0,-66,0,0,-91,-55,0,0,0,0,0,0,20.667413080567417,-103.46433755010366,0
401,0,0,-82,0,0,0,0,0,-90,0,0,0,0,0,0,0,-55,0,0,0,0,0,0,0,0,0,0,-95,0,0,0,0,-93,0,0,0,0,0,0,0,0,0,-68,-92,0,-89,-55,0,0,-97,0,0,0,20.667413080567417,-103.46433755010366,0
402,0,0,-87,0,0,0,0,0,0,0,0,0,0,0,0,0,-57,0,0,0,0,0,0,0,0,0,0,0,0,0,0,0,0,0,0,0,0,0,0,0,0,0,-75,0,0,-90,-62,-93,0,0,0,0,0,20.667423746346785,-103.46430938690901,0
403,0,0,-87,0,0,0,0,0,-89,0,0,0,0,0,0,0,-56,0,0,0,0,0,0,0,0,0,-93,0,0,-98,0,0,0,0,0,0,0,0,0,0,0,0,-70,0,0,-88,-66,-95,0,0,0,0,0,20.667423746346785,-103.46430938690901,0
404,0,0,-87,0,0,0,0,0,-89,0,0,0,0,0,0,0,-56,0,0,0,0,0,0,0,0,0,-93,0,0,-98,0,0,0,0,0,0,0,0,0,0,0,0,-70,0,0,-88,-66,-95,0,0,0,0,0,20.667423746346785,-103.46430938690901,0
405,0,0,-80,0,0,0,0,0,-92,0,0,0,0,0,0,0,-55,0,-97,0,0,0,0,0,0,0,-93,-95,0,0,0,0,0,0,0,0,0,0,0,0,0,0,-68,-94,0,-87,-63,0,0,0,0,0,0,20.667423746346785,-103.46430938690901,0
406,0,0,-80,0,0,0,0,0,-90,0,0,0,0,0,0,0,-53,0,-97,0,0,0,0,0,0,0,-93,-95,0,0,0,0,0,0,0,0,0,0,-93,0,0,0,-68,-94,0,-89,-64,-98,0,0,0,0,0,20.667423746346785,-103.46430938690901,0
407,0,0,-80,0,0,0,0,0,-90,0,0,0,0,0,0,0,-53,0,-97,0,0,0,0,0,0,0,-93,-95,0,0,0,0,0,0,0,0,0,0,-93,0,0,0,-68,-94,0,-89,-64,-98,0,0,0,0,0,20.667423746346785,-103.46430938690901,0
408,0,0,-79,0,-95,0,0,0,-94,0,0,0,0,0,0,0,-54,0,0,0,0,0,0,0,0,0,-94,-95,0,0,0,0,0,0,0,0,0,0,-91,0,0,0,-69,-92,0,-89,-63,0,0,0,0,0,0,20.667423746346785,-103.46430938690901,0
409,0,0,-85,0,-95,0,0,0,-94,0,0,0,0,0,0,0,-55,0,0,0,0,0,0,0,0,0,-95,-95,0,0,0,0,0,0,0,0,0,0,-91,0,0,0,-67,-93,0,-91,-62,0,0,0,0,0,0,20.667423746346785,-103.46430938690901,0
410,0,0,-85,0,-95,0,0,0,-94,0,0,0,0,0,0,0,-55,0,0,0,0,0,0,0,0,0,-95,-95,0,0,0,0,0,0,0,0,0,0,-91,0,0,0,-67,-93,0,-91,-62,0,0,0,0,0,0,20.667423746346785,-103.46430938690901,0
411,0,0,-73,0,-92,0,0,0,-93,0,0,0,0,0,0,0,-63,0,0,-93,0,0,0,0,0,0,0,-93,0,0,0,0,0,0,0,0,0,0,0,0,0,0,-59,0,0,-83,-63,0,0,0,0,0,0,20.667423746346785,-103.46430938690901,0
412,0,0,-73,0,-92,0,0,0,-93,0,0,0,0,0,0,0,-63,0,0,-93,0,0,0,0,0,0,0,-93,0,0,0,0,0,0,0,0,0,0,0,0,0,0,-59,0,0,-83,-63,0,0,0,0,0,0,20.667464527261004,-103.46444115042686,0
413,0,0,-72,0,0,0,0,0,-96,0,0,0,0,0,0,0,-65,0,0,0,0,0,0,0,0,0,0,0,0,0,0,0,0,0,0,0,0,0,0,0,0,0,-59,0,0,-84,-68,0,0,0,0,0,0,20.667464527261004,-103.46444115042686,0
414,0,0,-72,0,0,0,0,0,-96,0,0,0,0,0,0,0,-65,0,0,0,0,0,0,0,0,0,0,0,0,0,0,0,0,0,0,0,0,0,0,0,0,0,-59,0,0,-84,-68,0,0,0,0,0,0,20.667464527261004,-103.46444115042686,0
415,0,0,-74,0,-90,0,0,0,0,0,0,0,-98,0,0,0,-68,0,0,-89,0,0,0,0,0,0,0,0,0,0,0,0,0,0,0,0,0,0,0,0,0,0,-62,0,0,-84,-63,0,0,0,0,0,0,20.667464527261004,-103.46444115042686,0
416,0,0,-74,0,-93,0,0,0,0,0,0,0,-98,0,0,0,-69,0,0,-89,0,0,0,0,0,0,0,0,0,0,0,0,0,0,0,0,0,0,0,0,0,0,-60,0,0,-82,-67,0,0,0,0,0,0,20.667464527261004,-103.46444115042686,0
417,0,0,-74,0,-93,0,0,0,0,0,0,0,-98,0,0,0,-69,0,0,-89,0,0,0,0,0,0,0,0,0,0,0,0,0,0,0,0,0,0,0,0,0,0,-60,0,0,-82,-67,0,0,0,0,0,0,20.667464527261004,-103.46444115042686,0
418,0,0,-70,0,-91,0,0,0,0,0,0,0,-98,0,0,0,-65,0,0,-90,0,0,0,0,0,0,0,0,0,0,0,0,0,0,0,0,0,0,0,0,0,0,-60,0,0,-85,-64,0,-94,0,0,0,0,20.667464527261004,-103.46444115042686,0
419,0,0,-77,0,-91,0,0,0,0,0,0,0,-98,0,0,0,-66,0,0,-92,0,0,0,0,0,0,0,-97,0,0,0,0,0,0,0,0,0,0,0,0,0,0,-60,0,0,-85,-64,0,-94,0,0,0,0,20.667464527261004,-103.46444115042686,0
420,0,0,-77,0,-91,0,0,0,0,0,0,0,-98,0,0,0,-66,0,0,-92,0,0,0,0,0,0,0,-97,0,0,0,0,0,0,0,0,0,0,0,0,0,0,-60,0,0,-85,-64,0,-94,0,0,0,0,20.667464527261004,-103.46444115042686,0
421,0,0,-72,0,0,0,0,0,0,0,0,0,-98,0,0,0,-64,0,0,-90,0,0,0,0,0,0,0,0,0,0,0,0,0,0,0,0,0,0,0,0,0,0,-64,0,0,-83,-62,0,-93,0,0,0,0,20.667464527261004,-103.46444115042686,0
422,0,0,-70,0,-92,0,0,0,0,0,0,0,-97,-98,0,0,-68,0,0,0,0,0,0,0,0,0,0,0,0,0,0,0,0,0,0,0,0,0,0,0,0,0,-55,0,0,-90,-61,0,0,0,0,0,0,20.667446019001297,-103.46444249153137,0
423,0,0,-67,0,0,0,0,0,0,0,0,0,0,0,0,0,-64,0,0,-89,0,0,0,0,0,0,0,0,0,0,0,0,0,0,0,0,0,0,0,0,0,0,-59,0,0,0,-57,0,0,0,0,0,0,20.667446019001297,-103.46444249153137,0
424,0,0,-67,0,-94,0,0,0,0,0,0,0,0,0,0,0,-63,0,0,-89,0,0,0,0,0,0,0,0,0,0,0,0,0,0,0,0,0,0,0,0,0,0,-55,0,0,-87,-61,0,-100,0,0,0,0,20.667446019001297,-103.46444249153137,0
425,0,0,-67,0,-94,0,0,0,0,0,0,0,0,0,0,0,-63,0,0,-89,0,0,0,0,0,0,0,0,0,0,0,0,0,0,0,0,0,0,0,0,0,0,-55,0,0,-87,-61,0,-100,0,0,0,0,20.667446019001297,-103.46444249153137,0
426,0,0,-66,0,-93,0,0,0,-94,0,0,0,0,0,0,0,-64,0,0,0,0,0,0,0,0,0,0,0,0,0,0,0,-101,0,0,0,0,0,0,0,0,0,-59,0,0,-86,-57,0,0,0,0,0,0,20.667446019001297,-103.46444249153137,0
427,0,0,-72,0,-92,0,0,0,-94,0,0,0,0,0,0,0,-58,0,0,0,0,0,0,0,0,0,0,0,0,0,0,0,-101,0,0,0,0,0,0,0,0,0,-66,0,0,-86,-65,0,0,0,0,0,0,20.667446019001297,-103.46444249153137,0
428,0,0,-72,0,-92,0,0,0,-94,0,0,0,0,0,0,0,-58,0,0,0,0,0,0,0,0,0,0,0,0,0,0,0,-101,0,0,0,0,0,0,0,0,0,-66,0,0,-86,-65,0,0,0,0,0,0,20.667446019001297,-103.46444249153137,0
429,0,0,-71,0,0,0,0,0,-96,0,0,0,0,0,0,0,-61,0,0,-92,0,0,0,0,0,0,0,0,0,0,0,0,0,0,0,0,0,0,0,0,0,0,-63,0,0,-90,-65,0,0,0,0,0,0,20.667446019001297,-103.46444249153137,0
430,0,0,-74,0,-92,0,0,0,-96,0,0,0,0,0,0,0,-64,0,0,-92,0,0,0,0,0,0,0,0,0,0,0,0,0,0,0,0,0,0,0,0,0,0,-62,0,0,-91,-63,0,0,0,0,0,0,20.667446019001297,-103.46444249153137,0
431,0,0,-74,0,-92,0,0,0,-96,0,0,0,0,0,0,0,-64,0,0,-92,0,0,0,0,0,0,0,0,0,0,0,0,0,0,0,0,0,0,0,0,0,0,-62,0,0,-91,-63,0,0,0,0,0,0,20.667446019001297,-103.46444249153137,0
432,0,0,-78,0,-96,0,0,0,0,0,0,0,0,0,0,0,-70,0,0,0,0,-85,0,0,0,0,0,0,0,0,0,0,0,0,0,0,0,0,0,0,0,0,-57,0,0,-95,-63,0,0,0,0,0,0,20.66743096143241,-103.4644391387701,0
433,0,0,-76,0,0,0,0,0,0,0,0,0,0,0,0,0,-69,0,0,0,0,0,0,0,0,0,0,0,0,0,0,0,0,0,0,0,0,0,0,0,0,0,-59,0,0,0,-66,0,0,0,0,0,0,20.66743096143241,-103.4644391387701,0
434,0,0,-76,0,0,0,0,0,0,0,0,0,0,0,0,0,-69,0,0,0,0,0,0,0,0,0,0,0,0,0,0,0,0,0,0,0,0,0,0,0,0,0,-59,0,0,0,-66,0,0,0,0,0,0,20.66743096143241,-103.4644391387701,0
435,0,0,-80,0,0,0,0,0,-98,0,0,0,0,-95,0,0,-77,0,0,0,0,0,0,0,0,0,0,0,0,0,0,0,0,0,0,0,0,0,0,0,0,0,-57,0,0,-90,-62,0,0,0,0,0,0,20.66743096143241,-103.4644391387701,0
436,0,0,-74,0,0,0,0,0,-95,0,0,0,0,-95,0,0,-68,0,0,-93,0,0,0,0,0,0,0,0,0,0,0,0,0,0,0,0,0,0,0,0,0,0,-57,0,0,-90,-67,0,0,0,0,0,0,20.66743096143241,-103.4644391387701,0
437,0,0,-74,0,0,0,0,0,-95,0,0,0,0,-95,0,0,-68,0,0,-93,0,0,0,0,0,0,0,0,0,0,0,0,0,0,0,0,0,0,0,0,0,0,-57,0,0,-90,-67,0,0,0,0,0,0,20.66743096143241,-103.4644391387701,0
438,0,0,-79,0,-95,0,0,0,-93,0,0,0,0,0,0,0,-73,0,0,-91,0,0,0,0,0,0,0,0,0,0,0,0,0,0,0,0,0,0,0,0,0,0,-58,0,0,-87,-65,0,0,0,0,0,0,20.66743096143241,-103.4644391387701,0
439,0,0,-79,0,0,0,0,0,-91,0,0,0,0,0,0,0,-71,0,0,-92,0,0,0,0,0,0,0,0,0,0,0,0,0,0,0,0,0,0,0,0,0,0,-58,0,0,-88,-68,0,0,0,0,0,0,20.66743096143241,-103.4644391387701,0
440,0,0,-79,0,0,0,0,0,-91,0,0,0,0,0,0,0,-71,0,0,-92,0,0,0,0,0,0,0,0,0,0,0,0,0,0,0,0,0,0,0,0,0,0,-58,0,0,-88,-68,0,0,0,0,0,0,20.66743096143241,-103.4644391387701,0
441,0,0,-74,0,-95,0,0,0,-93,0,0,0,0,0,0,0,-71,0,0,-87,0,0,0,0,0,0,0,0,0,0,0,0,0,0,0,0,0,0,0,0,0,0,-58,0,0,-87,-68,0,0,0,0,0,0,20.66743096143241,-103.4644391387701,0
442,0,0,-71,0,0,0,0,0,0,0,0,0,0,-98,0,0,-68,0,0,-94,0,0,0,0,0,0,0,0,0,0,0,0,0,0,0,0,0,0,0,0,0,0,-59,0,0,-95,-72,0,0,0,0,0,0,20.667419981954158,-103.46444182097912,0
443,0,0,-76,0,-97,0,0,0,0,0,0,0,0,0,0,0,-68,0,0,0,0,0,0,0,0,0,0,0,0,0,0,0,0,0,0,0,0,0,0,0,0,0,-62,0,0,-88,-65,0,0,0,0,0,0,20.667419981954158,-103.46444182097912,0
444,0,0,-77,0,-94,0,0,0,0,0,0,0,0,-96,0,0,-72,0,0,0,0,0,0,0,0,0,0,0,0,0,0,0,0,0,0,0,0,0,0,0,0,0,-61,0,0,-89,-64,0,0,0,0,0,0,20.667419981954158,-103.46444182097912,0
445,0,0,-77,0,-94,0,0,0,0,0,0,0,0,-96,0,0,-72,0,0,0,0,0,0,0,0,0,0,0,0,0,0,0,0,0,0,0,0,0,0,0,0,0,-61,0,0,-89,-64,0,0,0,0,0,0,20.667419981954158,-103.46444182097912,0
446,0,0,-70,0,0,0,0,0,-93,0,0,0,0,0,0,0,-70,0,0,-93,0,0,0,0,0,0,0,0,0,0,0,0,0,0,0,0,0,0,0,0,0,0,-60,0,0,0,-66,0,0,0,0,0,0,20.667419981954158,-103.46444182097912,0
447,0,0,-74,0,-93,0,0,0,0,0,0,0,0,0,0,0,-68,0,0,0,0,0,0,0,0,0,0,0,0,0,0,0,0,0,0,0,0,0,0,0,0,0,-59,0,0,-89,-66,0,0,0,0,0,0,20.667419981954158,-103.46444182097912,0
448,0,0,-74,0,-93,0,0,0,0,0,0,0,0,0,0,0,-68,0,0,0,0,0,0,0,0,0,0,0,0,0,0,0,0,0,0,0,0,0,0,0,0,0,-59,0,0,-89,-66,0,0,0,0,0,0,20.667419981954158,-103.46444182097912,0
449,0,0,-73,0,0,0,0,0,-91,0,0,0,0,0,0,0,-67,0,0,-90,0,0,0,0,0,0,0,0,0,0,0,0,0,0,0,0,0,0,0,0,0,0,-62,0,0,0,-76,0,0,0,0,0,0,20.667419981954158,-103.46444182097912,0
450,0,0,-81,0,0,0,0,0,-91,0,0,0,0,0,0,0,-66,0,0,-90,0,0,0,0,0,0,0,0,0,-98,0,0,0,0,0,0,0,0,0,0,0,0,-62,0,0,-91,-73,0,0,0,0,0,0,20.667419981954158,-103.46444182097912,0
451,0,0,-81,0,0,0,0,0,-91,0,0,0,0,0,0,0,-66,0,0,-90,0,0,0,0,0,0,0,0,0,-98,0,0,0,0,0,0,0,0,0,0,0,0,-62,0,0,-91,-73,0,0,0,0,0,0,20.667419981954158,-103.46444182097912,0
452,0,0,-79,0,0,0,0,0,0,0,0,0,0,-95,0,0,-74,0,0,0,0,0,0,0,0,0,0,0,0,0,0,0,0,0,0,0,0,0,0,0,0,0,-76,0,0,-91,-65,0,0,0,0,0,0,20.66740272848673,-103.46445824950933,0
453,0,0,-79,0,0,0,0,0,0,0,0,0,0,-95,0,0,-74,0,0,0,0,0,0,0,0,0,0,0,0,0,0,0,0,0,0,0,0,0,0,0,0,0,-76,0,0,-91,-65,0,0,0,0,0,0,20.66740272848673,-103.46445824950933,0
454,0,0,-76,0,-91,0,0,0,0,0,0,0,0,0,-96,0,-77,0,0,0,0,0,0,0,0,0,0,0,0,0,0,0,0,0,0,0,0,0,0,0,0,0,-70,0,0,-88,-64,0,0,0,0,0,0,20.66740272848673,-103.46445824950933,0
455,0,0,-74,0,-91,0,0,0,0,0,0,0,0,0,-97,0,-71,0,0,0,0,0,0,0,0,0,0,0,0,0,0,0,0,0,0,0,0,0,0,0,0,0,-71,0,0,-90,-68,0,0,0,0,0,0,20.66740272848673,-103.46445824950933,0
456,0,0,-74,0,-91,0,0,0,0,0,0,0,0,0,-97,0,-71,0,0,0,0,0,0,0,0,0,0,0,0,0,0,0,0,0,0,0,0,0,0,0,0,0,-71,0,0,-90,-68,0,0,0,0,0,0,20.66740272848673,-103.46445824950933,0
457,0,0,-78,0,-90,0,0,0,0,0,0,0,0,0,0,0,-68,0,0,0,0,0,0,0,0,0,0,0,0,-96,0,0,0,0,0,0,0,0,-94,0,0,0,-71,0,0,0,-68,0,0,0,0,0,0,20.66740272848673,-103.46445824950933,0
458,0,0,-79,0,-94,0,0,0,0,0,0,0,0,0,-94,0,-71,0,0,0,0,0,0,0,0,0,0,0,0,0,0,0,0,0,0,0,0,0,-97,0,0,0,-72,0,0,-90,-70,0,0,0,0,0,0,20.66740272848673,-103.46445824950933,0
459,0,0,-79,0,-94,0,0,0,0,0,0,0,0,0,-94,0,-71,0,0,0,0,0,0,0,0,0,0,0,0,0,0,0,0,0,0,0,0,0,-97,0,0,0,-72,0,0,-90,-70,0,0,0,0,0,0,20.66740272848673,-103.46445824950933,0
460,0,0,-78,0,-90,0,0,0,-98,0,0,0,0,0,0,0,-71,0,0,-95,0,0,0,0,0,0,0,0,0,0,0,0,0,0,0,0,0,0,0,0,0,0,-74,0,0,-90,-66,0,0,0,0,0,0,20.66740272848673,-103.46445824950933,0
461,0,0,-78,0,-91,0,0,0,0,0,0,0,0,-97,0,0,-73,0,0,0,0,0,0,0,0,0,0,0,0,0,0,0,0,0,0,0,0,0,0,0,0,0,-69,0,0,0,-67,0,0,0,0,0,0,20.66740272848673,-103.46445824950933,0
462,0,0,-70,0,0,0,0,0,0,0,0,0,0,0,0,0,-70,-95,0,-91,0,0,0,0,0,0,0,0,0,-93,0,0,0,0,0,0,0,0,0,0,0,0,-64,0,0,-84,-67,-93,0,0,0,0,0,20.66740178738845,-103.46448104828596,0
463,0,0,-75,0,-92,0,0,0,0,0,0,0,0,0,0,0,-72,-96,0,-91,0,-72,0,0,0,0,0,0,0,-92,0,0,0,0,0,0,0,0,0,0,0,0,-65,0,0,-87,-68,-93,0,0,0,0,0,20.66740178738845,-103.46448104828596,0
464,0,0,-75,0,-92,0,0,0,0,0,0,0,0,0,0,0,-72,-96,0,-91,0,-72,0,0,0,0,0,0,0,-92,0,0,0,0,0,0,0,0,0,0,0,0,-65,0,0,-87,-68,-93,0,0,0,0,0,20.66740178738845,-103.46448104828596,0
465,0,0,-69,0,-94,0,0,0,-95,0,0,0,0,0,0,0,-70,0,0,0,-88,0,0,0,0,0,0,-92,0,0,0,0,0,0,0,0,0,0,0,0,0,0,-64,0,0,-85,-69,0,0,0,0,0,0,20.66740178738845,-103.46448104828596,0
466,0,0,-70,0,-94,0,0,0,-93,0,0,0,0,0,0,0,-72,-97,0,0,-89,0,0,0,0,0,0,-92,0,0,0,0,-93,0,0,0,0,0,0,0,0,0,-63,0,0,-86,-67,-96,0,0,0,0,0,20.66740178738845,-103.46448104828596,0
467,0,0,-70,0,-94,0,0,0,-93,0,0,0,0,0,0,0,-72,-97,0,0,-89,0,0,0,0,0,0,-92,0,0,0,0,-93,0,0,0,0,0,0,0,0,0,-63,0,0,-86,-67,-96,0,0,0,0,0,20.66740178738845,-103.46448104828596,0
468,0,0,-68,0,0,0,0,0,-93,0,0,0,0,0,0,0,-71,0,0,0,-90,0,0,0,0,0,0,-94,0,0,0,0,0,0,0,0,0,0,0,0,0,0,-63,0,0,-85,-67,0,0,0,0,0,0,20.66740178738845,-103.46448104828596,0
469,0,0,-70,0,-91,0,0,0,-94,0,0,0,0,0,0,0,-71,0,0,0,-90,0,0,0,0,0,0,-94,0,-95,0,0,0,0,0,0,0,0,0,0,0,0,-65,0,0,-87,-64,-98,0,0,0,0,0,20.66740178738845,-103.46448104828596,0
470,0,0,-70,0,-91,0,0,0,-94,0,0,0,0,0,0,0,-71,0,0,0,-90,0,0,0,0,0,0,-94,0,-95,0,0,0,0,0,0,0,0,0,0,0,0,-65,0,0,-87,-64,-98,0,0,0,0,0,20.66740178738845,-103.46448104828596,0
471,0,0,-77,0,0,0,0,0,0,0,0,0,0,-94,0,0,-75,0,0,0,-90,-72,0,0,0,0,0,0,0,0,0,0,0,0,0,0,0,0,0,0,0,0,-64,0,0,-84,-69,0,0,0,0,0,0,20.66740178738845,-103.46448104828596,0
472,0,0,-67,0,-93,0,0,0,-95,0,0,0,0,0,-91,0,-66,0,0,-89,-90,0,0,0,0,0,0,0,0,0,0,0,0,0,0,0,0,0,0,0,0,0,-65,0,0,-81,-71,0,0,0,0,0,0,20.667419354555385,-103.46448104828596,0
473,0,0,-67,0,-93,0,0,0,-95,0,0,0,0,0,-91,0,-66,0,0,-89,-90,0,0,0,0,0,0,0,0,0,0,0,0,0,0,0,0,0,0,0,0,0,-65,0,0,-81,-71,0,0,0,0,0,0,20.667419354555385,-103.46448104828596,0
474,0,0,-68,0,-91,0,0,0,0,0,0,0,0,-99,-94,0,-66,0,0,-89,-91,0,0,0,0,0,0,0,0,0,0,0,0,0,0,0,0,0,0,0,0,0,-67,0,0,-82,-69,0,0,0,0,0,0,20.667419354555385,-103.46448104828596,0
475,0,0,-67,0,-91,0,0,0,0,0,0,0,0,-99,-94,0,-67,0,0,-90,-91,0,0,0,0,0,0,0,0,0,0,0,0,0,0,0,0,0,0,0,0,0,-61,0,0,-83,-73,0,0,0,0,0,0,20.667419354555385,-103.46448104828596,0
476,0,0,-67,0,-91,0,0,0,0,0,0,0,0,-99,-94,0,-67,0,0,-90,-91,0,0,0,0,0,0,0,0,0,0,0,0,0,0,0,0,0,0,0,0,0,-61,0,0,-83,-73,0,0,0,0,0,0,20.667419354555385,-103.46448104828596,0
477,0,0,-66,0,-93,0,0,0,0,0,0,0,0,0,0,0,-63,0,0,0,0,-72,0,0,0,0,0,0,0,-96,0,0,0,0,0,0,0,0,0,0,0,0,-61,0,0,-86,-73,0,0,0,0,0,0,20.667419354555385,-103.46448104828596,0
478,0,0,-68,0,0,0,0,0,-95,0,0,0,0,0,0,0,-64,0,0,-93,0,0,0,0,0,0,0,0,0,0,0,0,0,0,0,0,0,0,0,0,0,0,-68,0,0,-85,-73,0,0,0,0,0,0,20.667419354555385,-103.46448104828596,0
479,0,0,-68,0,0,0,0,0,-95,0,0,0,0,0,0,0,-64,0,0,-93,0,0,0,0,0,0,0,0,0,0,0,0,0,0,0,0,0,0,0,0,0,0,-68,0,0,-85,-73,0,0,0,0,0,0,20.667419354555385,-103.46448104828596,0
480,0,0,-67,0,-94,0,0,0,0,0,0,0,0,0,-95,0,-66,0,0,-89,0,-72,0,0,0,0,0,0,0,0,0,0,0,0,0,0,0,0,0,0,0,0,-64,0,0,-84,-70,0,0,0,0,0,0,20.667419354555385,-103.46448104828596,0
481,0,0,-68,0,0,0,0,0,-97,0,0,0,0,0,0,0,-65,0,0,0,0,0,0,0,0,0,0,0,0,0,0,0,0,0,-96,0,0,0,0,0,0,0,-66,0,0,-85,-72,0,0,0,0,0,0,20.667419354555385,-103.46448104828596,0
482,0,0,-68,0,0,0,0,0,0,0,0,0,0,0,-94,0,-76,0,0,0,0,-77,0,0,0,0,0,0,0,0,0,0,0,0,0,0,0,0,0,0,0,0,-66,0,0,-86,-69,0,0,0,0,0,0,20.667435039524126,-103.4644840657711,0
483,0,0,-68,0,0,0,0,0,0,0,0,0,0,0,-94,0,-76,0,0,0,0,-77,0,0,0,0,0,0,0,0,0,0,0,0,0,0,0,0,0,0,0,0,-66,0,0,-86,-69,0,0,0,0,0,0,20.667435039524126,-103.4644840657711,0
484,0,0,-68,0,0,0,0,0,0,0,0,0,0,0,0,0,-65,-102,0,0,0,-74,0,0,0,0,0,0,0,-94,0,0,0,0,-96,0,0,0,0,0,0,0,-65,0,0,-87,-68,0,0,0,0,0,0,20.667435039524126,-103.4644840657711,0
485,0,0,-68,0,0,0,0,0,0,0,0,0,0,0,-94,0,-63,0,0,-96,0,0,0,0,0,0,0,0,0,-95,0,-95,0,0,0,0,0,0,0,0,0,0,-64,0,0,-86,-70,0,0,0,0,0,0,20.667435039524126,-103.4644840657711,0
486,0,0,-68,0,0,0,0,0,0,0,0,0,0,0,-94,0,-63,0,0,-96,0,0,0,0,0,0,0,0,0,-95,0,-95,0,0,0,0,0,0,0,0,0,0,-64,0,0,-86,-70,0,0,0,0,0,0,20.667435039524126,-103.4644840657711,0
487,0,0,-69,0,0,0,0,0,0,0,0,0,0,0,0,0,-66,0,0,0,0,-76,0,0,0,0,0,0,0,0,0,0,0,0,0,0,0,0,0,0,0,0,-64,0,0,-86,-67,0,0,0,0,0,0,20.667435039524126,-103.4644840657711,0
488,0,0,-68,0,0,0,0,0,0,0,0,0,0,0,0,0,-68,0,0,0,0,-74,0,0,0,0,0,0,0,0,0,0,0,0,0,0,0,0,0,0,0,0,-66,0,0,-86,-73,0,0,0,0,0,0,20.667435039524126,-103.4644840657711,0
489,0,0,-68,0,0,0,0,0,0,0,0,0,0,0,0,0,-68,0,0,0,0,-74,0,0,0,0,0,0,0,0,0,0,0,0,0,0,0,0,0,0,0,0,-66,0,0,-86,-73,0,0,0,0,0,0,20.667435039524126,-103.4644840657711,0
490,0,0,-70,0,0,0,0,0,0,0,0,0,0,0,0,0,-67,0,0,-88,0,-79,0,0,0,0,0,0,0,0,0,0,0,0,0,0,0,0,0,0,0,0,-66,0,0,-88,-68,0,0,0,0,0,0,20.667435039524126,-103.4644840657711,0
491,0,0,-68,0,0,0,0,0,0,0,0,0,0,0,-98,0,-66,0,0,-92,-92,-75,0,0,0,0,0,0,0,0,0,-96,0,0,0,0,0,0,0,0,0,0,-66,0,0,-85,-68,0,0,0,0,0,0,20.667435039524126,-103.4644840657711,0
492,0,0,-71,0,0,0,-98,0,0,0,0,0,0,0,-96,0,-74,0,0,-87,0,0,0,0,0,0,0,0,0,0,0,-93,0,0,-99,0,0,0,0,0,0,0,-62,0,0,-84,-71,0,0,0,0,0,0,20.6674488422953,-103.46449177712202,0
493,0,0,-71,0,0,0,-98,0,0,0,0,0,0,0,-96,0,-74,0,0,-87,0,0,0,0,0,0,0,0,0,0,0,-93,0,0,-99,0,0,0,0,0,0,0,-62,0,0,-84,-71,0,0,0,0,0,0,20.6674488422953,-103.46449177712202,0
494,0,0,-64,0,0,0,0,0,0,0,0,0,0,-94,-97,0,-67,0,0,0,0,0,0,0,0,0,0,0,0,0,0,0,0,0,0,0,-98,0,0,0,0,0,-63,0,0,-85,-73,0,0,0,0,0,0,20.6674488422953,-103.46449177712202,0
495,0,0,-67,0,0,0,0,0,0,0,0,0,0,-94,-98,0,-67,0,0,0,0,0,0,0,0,0,0,0,0,0,0,0,0,0,-95,0,-98,0,0,0,0,0,-63,0,0,-84,-71,0,0,0,0,0,0,20.6674488422953,-103.46449177712202,0
496,0,0,-67,0,0,0,0,0,0,0,0,0,0,-94,-98,0,-67,0,0,0,0,0,0,0,0,0,0,0,0,0,0,0,0,0,-95,0,-98,0,0,0,0,0,-63,0,0,-84,-71,0,0,0,0,0,0,20.6674488422953,-103.46449177712202,0
497,0,0,-63,0,0,0,0,0,0,0,0,0,0,0,0,0,-69,0,0,0,0,0,0,0,0,0,0,0,0,0,0,-92,0,0,0,0,0,0,0,0,0,0,-63,0,0,-84,-72,0,0,0,0,0,0,20.6674488422953,-103.46449177712202,0
498,0,0,-66,0,0,0,0,0,0,0,0,0,0,-96,-95,0,-67,0,0,0,0,-76,0,0,0,0,0,0,0,0,0,-99,0,0,-96,0,0,0,0,0,0,0,-64,0,0,-87,-71,0,0,0,0,0,0,20.6674488422953,-103.46449177712202,0
499,0,0,-66,0,0,0,0,0,0,0,0,0,0,-96,-95,0,-67,0,0,0,0,-76,0,0,0,0,0,0,0,0,0,-99,0,0,-96,0,0,0,0,0,0,0,-64,0,0,-87,-71,0,0,0,0,0,0,20.6674488422953,-103.46449177712202,0
500,0,0,-67,0,-97,0,0,0,0,0,0,0,0,0,0,0,-67,0,0,0,0,0,0,0,0,0,0,0,0,-94,0,0,0,0,0,0,0,0,0,0,0,0,-62,0,0,-87,-77,0,0,0,0,0,0,20.6674488422953,-103.46449177712202,0
501,0,0,-67,0,-97,0,0,0,0,0,0,0,0,0,-96,0,-68,0,0,-91,0,-76,0,0,0,0,0,0,0,-94,0,-94,0,0,0,0,0,0,0,0,0,0,-63,0,0,-83,-71,0,0,0,0,0,0,20.6674488422953,-103.46449177712202,0
502,0,0,-67,0,0,0,-96,0,0,0,0,0,0,0,0,0,-72,0,0,-85,0,-74,0,0,0,0,0,0,0,-95,0,0,0,0,0,0,-94,0,0,0,0,0,-62,0,0,-90,-71,0,0,0,0,0,0,20.667464840960296,-103.46448875963688,0
503,0,0,-71,0,0,0,-95,0,0,0,0,0,0,0,0,0,-74,0,0,-88,0,-70,0,0,0,0,0,0,0,-93,0,-94,0,0,0,0,-99,0,0,0,0,0,-63,0,0,-86,-71,0,0,0,0,0,0,20.667464840960296,-103.46448875963688,0
504,0,0,-71,0,0,0,-95,0,0,0,0,0,0,0,0,0,-74,0,0,-88,0,-70,0,0,0,0,0,0,0,-93,0,-94,0,0,0,0,-99,0,0,0,0,0,-63,0,0,-86,-71,0,0,0,0,0,0,20.667464840960296,-103.46448875963688,0
505,0,0,-70,0,0,0,-96,0,0,0,0,0,0,0,0,0,-72,0,0,0,-86,0,0,-82,0,0,0,0,0,0,0,0,0,0,0,0,-94,0,0,0,0,-98,-62,0,0,-85,-72,0,0,0,0,0,0,20.667464840960296,-103.46448875963688,0
506,0,0,-69,0,0,0,0,0,0,0,0,0,0,0,-96,0,-70,0,0,-90,0,0,0,-83,0,0,0,0,0,0,0,-96,0,0,0,0,0,0,0,0,0,0,-61,0,0,-86,-71,0,0,0,0,0,0,20.667464840960296,-103.46448875963688,0
507,0,0,-69,0,0,0,0,0,0,0,0,0,0,0,-96,0,-70,0,0,-90,0,0,0,-83,0,0,0,0,0,0,0,-96,0,0,0,0,0,0,0,0,0,0,-61,0,0,-86,-71,0,0,0,0,0,0,20.667464840960296,-103.46448875963688,0
508,0,0,-67,0,0,0,0,0,0,0,0,0,0,0,0,0,-70,0,0,0,0,0,0,0,0,0,0,0,0,0,0,0,0,0,0,0,-93,0,0,0,0,0,-62,0,0,-85,-75,0,0,0,0,0,0,20.667464840960296,-103.46448875963688,0
509,0,0,-66,0,0,0,0,0,0,0,0,0,0,0,0,0,-71,0,0,-88,0,0,0,0,0,0,0,0,0,-94,0,0,0,0,0,0,-92,0,0,0,0,0,-62,0,0,-87,-75,0,0,0,0,0,0,20.667464840960296,-103.46448875963688,0
510,0,0,-66,0,0,0,0,0,0,0,0,0,0,0,0,0,-71,0,0,-88,0,0,0,0,0,0,0,0,0,-94,0,0,0,0,0,0,-92,0,0,0,0,0,-62,0,0,-87,-75,0,0,0,0,0,0,20.667464840960296,-103.46448875963688,0
511,0,0,-65,0,0,0,0,0,0,0,0,0,0,0,0,0,-74,0,0,-89,0,0,0,-84,0,0,0,0,0,0,0,-97,0,0,0,0,-95,0,0,0,0,0,-62,0,0,-86,-75,0,0,0,0,0,0,20.667464840960296,-103.46448875963688,0
