,ap0,ap1,ap2,ap3,ap4,ap5,ap6,ap7,ap8,ap9,ap10,ap11,ap12,ap13,ap14,ap15,ap16,ap17,ap18,ap19,ap20,ap21,ap22,ap23,ap24,ap25,ap26,ap27,ap28,ap29,ap30,ap31,ap32,ap33,ap34,ap35,ap36,ap37,ap38,ap39,ap40,ap41,result_x,result_y
0,0,0,0,0,0,0,0,0,0,0,0,-65,0,0,0,0,0,0,0,0,0,0,0,0,0,0,0,0,0,0,0,0,0,0,0,0,0,-72,0,0,-60,0,20.66751816983149,-103.46442505717278
1,0,0,0,0,0,0,0,0,0,0,0,-64,0,0,0,0,0,0,0,0,0,0,0,0,0,0,0,0,0,0,0,0,0,0,0,0,0,-72,0,0,-60,0,20.66751816983149,-103.46442505717278
2,0,0,0,0,0,0,0,0,0,0,0,-62,0,0,0,0,0,0,0,0,0,0,0,0,0,0,0,0,0,0,0,0,0,0,0,0,0,-72,0,0,-60,0,20.66751816983149,-103.46442505717278
3,0,0,0,0,0,0,0,0,0,0,0,-62,0,0,0,0,0,0,-84,0,0,0,0,0,0,0,0,0,0,0,0,0,0,0,0,0,0,-69,0,0,-60,0,20.66751816983149,-103.46442505717278
4,0,0,0,0,0,0,0,0,0,0,0,-62,0,0,0,0,0,0,-84,0,0,0,0,0,0,0,0,0,0,0,0,0,0,0,0,0,0,-62,0,0,-58,0,20.66751816983149,-103.46442505717278
5,0,0,0,0,0,0,0,0,0,0,0,-60,0,0,0,0,0,0,-84,0,0,0,0,0,0,0,0,0,0,0,0,0,0,0,0,0,0,-63,0,0,-54,0,20.66751816983149,-103.46442505717278
6,0,0,0,0,0,0,0,0,0,0,0,-58,0,0,0,0,0,0,-84,0,0,0,0,0,0,0,0,0,0,0,0,0,0,0,0,0,0,-63,0,-81,-54,0,20.66751816983149,-103.46442505717278
7,0,0,0,0,0,0,0,0,0,0,0,-57,0,0,0,0,0,0,0,0,0,0,0,0,0,0,0,0,0,0,0,0,0,0,0,0,0,-61,0,-81,-58,0,20.66751816983149,-103.46442505717278
8,0,0,0,0,0,0,0,0,0,0,0,-54,0,0,0,0,0,0,0,0,0,0,0,0,0,0,0,0,0,0,0,0,0,0,0,0,0,-67,0,-81,-52,0,20.66751816983149,-103.46442505717278
9,-81,0,0,0,0,0,0,0,0,0,0,-53,0,0,0,0,0,0,-91,0,0,0,0,0,0,0,0,0,0,0,0,0,0,0,0,0,0,-62,0,-83,-54,0,20.66751816983149,-103.46442505717278
10,-81,0,0,0,0,0,0,0,0,0,0,-53,0,0,0,0,0,0,-91,0,0,0,0,0,0,0,0,0,0,0,0,0,0,0,0,0,0,-70,0,-83,-53,0,20.66751816983149,-103.46442505717278
11,-81,0,0,0,0,0,0,0,0,0,0,-55,0,0,0,0,0,0,-91,0,0,0,0,0,0,0,0,0,0,0,0,0,0,0,0,0,0,-66,0,-84,-51,0,20.66751816983149,-103.46442505717278
12,-81,0,0,0,0,0,0,0,0,0,0,-57,0,0,0,0,0,0,-91,0,0,0,0,0,0,0,0,0,0,0,0,0,0,0,0,0,0,-62,0,-87,-56,0,20.66751816983149,-103.46442505717278
13,-77,0,0,0,0,0,0,0,0,0,0,-55,0,0,0,0,0,0,-93,0,0,0,0,0,0,0,0,0,0,0,0,0,0,0,0,0,0,-61,0,-86,-59,0,20.66751816983149,-103.46442505717278
14,-77,0,0,0,0,0,0,0,0,0,0,-53,0,0,0,0,0,0,-93,0,0,0,0,0,0,0,0,0,0,0,0,0,0,0,0,0,0,-63,0,-86,-65,0,20.66751816983149,-103.46442505717278
15,-78,0,0,0,0,0,0,0,0,0,0,-54,0,0,0,0,0,0,-93,0,0,0,0,0,0,0,0,0,0,0,0,0,0,0,0,0,0,-62,0,-86,-61,0,20.66751816983149,-103.46442505717278
16,-78,0,0,0,0,0,0,0,0,0,0,-56,0,0,0,0,0,0,-93,0,0,0,0,0,0,0,0,0,0,0,0,0,0,0,0,0,0,-61,0,-86,-64,0,20.66751816983149,-103.46442505717278
17,-78,0,0,0,0,0,0,0,0,0,0,-57,0,0,0,0,0,0,0,0,0,0,0,0,0,0,0,0,0,0,0,0,0,0,0,0,0,-63,0,0,-63,0,20.66751816983149,-103.46442505717278
18,-78,0,0,0,0,0,0,0,0,0,0,-57,0,0,0,0,0,0,0,0,0,0,0,0,0,0,0,0,0,0,0,0,0,0,0,0,0,-61,0,0,-63,0,20.66751816983149,-103.46442505717278
19,-78,0,0,0,0,0,0,0,0,0,0,-56,0,0,0,0,0,0,0,0,0,0,0,0,0,0,0,0,0,0,0,0,0,0,0,0,0,-59,0,0,-55,0,20.66751816983149,-103.46442505717278
20,0,0,0,0,0,0,0,0,0,0,0,-56,0,0,0,0,0,0,0,0,0,0,0,0,0,0,0,0,0,0,0,0,0,0,0,0,0,-62,0,0,-59,0,20.66751816983149,-103.46442505717278
21,0,0,0,0,0,0,0,0,0,0,0,-56,0,0,0,0,0,0,0,0,0,0,0,0,0,0,0,0,0,0,0,0,0,0,0,0,0,-61,0,0,-53,0,20.66751816983149,-103.46442505717278
22,0,0,0,0,0,0,0,0,0,0,0,-55,0,0,0,0,0,0,0,0,0,0,0,0,0,0,0,0,0,0,0,0,0,0,0,0,0,-64,0,0,-47,0,20.66751816983149,-103.46442505717278
23,-87,0,0,0,0,0,0,0,0,0,0,-52,0,0,0,0,0,0,0,0,0,0,0,0,0,0,0,0,0,0,0,0,0,0,0,0,0,-63,0,0,-52,0,20.66751816983149,-103.46442505717278
24,-87,0,0,0,0,0,0,0,0,0,0,-50,0,0,0,0,0,0,0,0,0,0,0,0,0,0,0,0,0,0,0,0,0,0,0,0,0,-61,0,0,-58,0,20.66751816983149,-103.46442505717278
25,-87,0,0,0,0,0,0,0,0,0,0,-56,0,0,0,0,0,0,0,0,0,0,0,0,0,0,0,0,0,0,0,0,0,0,0,0,0,-55,0,-84,-54,0,20.66751816983149,-103.46442505717278
26,-87,0,0,0,0,0,0,0,0,0,0,-59,0,-89,0,0,0,0,0,0,0,0,0,0,0,0,0,0,0,0,-81,0,0,0,0,0,0,-55,0,-84,-64,0,20.66751816983149,-103.46442505717278
27,-67,0,0,0,0,0,0,0,0,0,0,-59,0,-89,0,0,0,0,0,0,0,0,0,0,0,0,0,0,0,0,-81,0,0,0,0,0,0,-51,0,-84,-62,0,20.66751816983149,-103.46442505717278
28,-71,0,0,0,0,0,0,0,0,0,0,-64,0,-89,0,0,0,0,0,0,0,0,0,0,0,0,0,0,0,0,-81,0,0,0,0,0,0,-59,0,-84,-72,0,20.66751816983149,-103.46442505717278
29,-75,0,0,0,0,0,0,0,0,-92,0,-65,0,-89,0,0,0,0,0,0,0,0,0,0,0,0,0,0,0,0,-81,0,0,0,0,0,0,-63,0,-84,-66,0,20.66751816983149,-103.46442505717278
30,-77,0,0,0,0,0,0,0,0,-92,0,-66,0,-89,0,0,0,0,0,0,0,0,0,0,0,0,0,0,0,0,-81,0,0,0,0,0,0,-61,0,-84,-68,0,20.66751816983149,-103.46442505717278
31,-76,0,0,0,0,0,0,0,0,-92,0,-67,0,0,0,0,0,0,0,0,0,0,0,0,0,0,0,0,0,0,0,0,0,0,0,0,0,-64,0,-85,-68,0,20.66751816983149,-103.46442505717278
32,-76,0,0,0,0,0,0,0,0,-92,0,-67,0,0,0,0,0,0,0,0,0,0,0,0,0,0,0,0,0,0,-71,0,0,0,0,0,0,-66,0,-85,-74,0,20.66751816983149,-103.46442505717278
33,-76,0,0,0,0,0,0,0,0,-92,0,-69,0,0,0,0,0,0,0,0,0,0,0,0,0,0,0,0,0,0,-78,0,0,0,0,0,0,-63,0,-80,-74,0,20.66751816983149,-103.46442505717278
34,-65,0,0,0,0,0,0,0,0,0,0,-72,0,0,0,-81,0,0,0,0,0,0,0,0,0,0,0,0,0,0,-74,0,0,0,0,0,0,-58,0,-80,-68,0,20.66751816983149,-103.46442505717278
35,-65,0,0,0,0,0,0,0,0,0,0,-72,0,0,0,-81,0,0,0,0,0,0,0,0,0,0,0,0,0,0,-75,0,0,0,0,0,0,-58,0,-80,-68,0,20.66751816983149,-103.46442505717278
36,-66,0,0,0,0,0,0,0,0,0,0,-71,0,0,0,-81,0,0,0,0,0,0,0,0,0,0,0,0,0,0,-76,0,0,0,0,0,0,-63,0,-80,-68,0,20.66751816983149,-103.46442505717278
37,-63,0,0,0,0,0,0,0,0,-94,0,-68,0,0,0,-81,0,0,0,0,0,0,0,0,0,0,0,-95,0,0,-72,0,0,0,0,0,0,-60,0,-81,-68,0,20.66751816983149,-103.46442505717278
38,-63,0,0,0,0,0,0,0,0,-94,0,-67,0,0,0,0,0,0,0,0,0,0,0,0,0,0,0,-95,0,0,-76,0,0,0,0,0,0,-56,0,-80,-66,0,20.66751816983149,-103.46442505717278
39,-61,0,0,0,0,0,0,0,0,-94,0,-67,0,-87,0,0,0,0,0,0,-83,0,0,0,0,0,0,-95,0,0,-79,0,0,0,0,0,0,-55,0,-78,-65,0,20.66751816983149,-103.46442505717278
40,-61,0,0,0,0,0,0,0,0,-94,0,-68,0,-87,0,0,0,0,0,0,-83,0,0,0,0,0,0,-95,0,0,-79,0,0,0,0,0,0,-50,0,-74,-66,0,20.66751816983149,-103.46442505717278
41,-59,0,0,0,0,0,0,0,0,-94,0,-67,0,-87,0,0,0,0,0,0,-83,0,0,0,0,0,0,-83,0,0,-79,0,0,0,0,0,0,-53,0,-78,-68,0,20.66751816983149,-103.46442505717278
42,-63,0,0,0,0,0,0,0,0,0,0,-64,0,-87,0,0,0,0,0,0,-83,0,0,0,0,0,0,-83,0,0,-82,0,0,0,0,0,0,-57,0,-78,-73,0,20.66751816983149,-103.46442505717278
43,-67,0,0,0,0,0,0,0,0,0,0,-66,0,-90,0,0,0,0,0,0,0,0,0,0,0,0,-88,-83,0,0,-79,0,0,0,0,0,0,-48,0,-71,-67,0,20.66751816983149,-103.46442505717278
44,-63,0,0,-93,0,0,0,0,0,0,0,-66,0,-90,0,0,0,0,0,0,0,0,0,0,0,0,-88,-83,0,0,-79,0,0,0,0,0,0,-44,0,-74,-66,0,20.66751816983149,-103.46442505717278
45,-63,0,0,-93,0,0,0,0,0,0,0,-66,0,-90,0,0,0,0,0,0,0,0,0,0,0,0,-88,0,0,0,-79,0,0,0,0,0,0,-46,0,-74,-64,0,20.66751816983149,-103.46442505717278
46,-74,0,0,-93,0,0,0,0,0,0,0,-65,0,-90,0,0,0,0,0,0,0,0,0,0,0,0,-88,0,0,0,-79,0,0,0,0,0,0,-52,0,-73,-64,0,20.66751816983149,-103.46442505717278
47,-74,0,0,0,0,0,0,0,0,0,0,-65,0,0,0,0,0,0,0,0,0,0,0,0,0,0,0,0,0,0,0,0,0,0,0,0,0,-54,0,-73,-60,0,20.66751816983149,-103.46442505717278
48,-74,0,0,0,0,0,0,0,0,0,0,-61,0,0,0,0,0,0,0,0,0,0,0,0,0,0,0,0,0,0,0,0,0,0,0,0,0,-56,0,-75,-60,0,20.66751816983149,-103.46442505717278
49,-74,0,0,0,0,0,0,0,0,0,0,-56,0,0,0,0,0,0,0,0,0,0,0,0,0,0,0,0,0,0,0,0,0,0,0,0,0,-52,0,-80,-58,0,20.66751816983149,-103.46442505717278
50,0,0,0,0,0,0,0,0,0,0,0,-54,0,0,0,0,0,0,0,0,0,0,0,0,0,0,0,0,0,0,0,0,0,0,0,0,0,-54,0,-68,-58,0,20.66751816983149,-103.46442505717278
51,0,0,0,0,0,0,0,0,0,0,0,-54,0,0,0,0,0,0,0,0,0,0,0,0,0,0,0,0,0,0,0,0,0,0,0,0,0,-61,0,-77,-57,0,20.66751816983149,-103.46442505717278
52,-79,0,0,0,0,0,0,0,0,0,0,-53,0,0,0,0,0,0,0,0,0,0,0,0,0,0,0,0,0,0,0,0,0,0,0,-95,0,-59,0,-81,-63,0,20.66751816983149,-103.46442505717278
53,-79,0,0,0,0,0,0,0,0,0,0,-55,0,0,0,0,0,0,0,0,0,0,0,0,0,0,0,0,0,0,0,0,0,0,0,-95,0,-58,-92,-76,-63,0,20.66751816983149,-103.46442505717278
54,-78,0,0,0,0,0,0,0,0,0,0,-54,0,0,0,0,0,0,0,0,0,0,0,0,0,0,0,0,0,0,0,0,0,0,0,-95,0,-57,-92,-76,-61,0,20.66751816983149,-103.46442505717278
55,-78,0,0,0,0,0,0,0,0,0,0,-55,0,0,0,0,0,0,0,0,0,0,0,0,0,0,0,0,0,0,0,0,0,0,0,-95,0,-57,-92,-80,-70,0,20.66751816983149,-103.46442505717278
56,-78,0,0,0,0,0,0,0,0,0,0,-56,0,0,0,0,0,0,0,0,0,0,0,0,0,0,0,0,0,0,0,0,0,0,0,-95,0,-55,-92,-78,-70,0,20.66751816983149,-103.46442505717278
57,-75,0,0,0,0,0,0,0,0,0,0,-55,0,0,0,0,0,0,0,0,0,0,0,0,-91,0,0,0,0,0,0,0,0,0,0,0,0,-56,0,-78,-70,0,20.66751816983149,-103.46442505717278
58,-76,0,0,0,0,0,0,0,0,0,0,-54,0,0,0,0,0,0,0,0,0,0,0,0,-92,0,0,0,0,-91,0,0,0,0,0,0,0,-56,-87,-82,-65,0,20.66751816983149,-103.46442505717278
59,-78,0,0,0,-91,0,0,0,0,0,0,-53,0,0,0,0,0,0,0,0,0,0,0,0,-92,0,0,0,0,-91,0,0,0,0,0,0,0,-52,-87,-82,-67,0,20.66751816983149,-103.46442505717278
60,-77,0,0,0,-91,0,0,0,0,0,0,-57,0,0,0,0,0,0,0,0,0,0,0,0,-92,0,0,0,0,-91,0,0,0,0,0,0,0,-59,-87,-82,-67,0,20.66751816983149,-103.46442505717278
61,-77,0,0,0,-91,0,0,0,0,0,0,-57,0,0,0,0,0,0,0,0,0,0,0,0,-92,0,0,0,0,-91,0,0,0,0,0,0,0,-54,-87,-85,-67,0,20.66751816983149,-103.46442505717278
62,-80,0,0,0,-91,0,0,0,0,0,0,-56,0,0,0,0,0,0,0,0,0,0,0,0,0,0,0,0,0,0,0,0,0,0,0,0,0,-53,0,-85,-63,0,20.66751816983149,-103.46442505717278
63,-75,0,0,0,0,0,0,0,0,0,0,-57,0,0,0,0,0,0,0,0,0,0,0,0,0,0,0,0,0,0,0,0,0,0,0,-86,0,-54,0,-85,-63,0,20.66751816983149,-103.46442505717278
64,-86,0,0,0,0,0,0,0,0,0,0,-58,0,0,0,0,0,0,0,0,0,0,0,0,0,0,0,0,0,0,0,0,0,0,0,-86,0,-54,0,-85,-66,0,20.66751816983149,-103.46442505717278
65,-80,0,0,0,0,0,0,0,0,0,0,-56,0,0,0,0,0,0,0,0,0,0,0,0,-94,0,0,0,0,-85,0,0,0,0,0,-86,0,-52,0,0,-66,0,20.66751816983149,-103.46442505717278
66,-80,0,0,0,0,0,0,0,0,0,0,-58,0,0,0,0,0,0,0,0,0,0,0,0,-94,0,0,0,0,-85,0,0,0,0,0,-86,0,-55,0,-89,-66,0,20.66751816983149,-103.46442505717278
67,-75,0,0,0,0,0,0,0,0,0,0,-59,0,0,0,0,0,0,0,0,0,0,0,0,-94,0,0,0,0,-85,0,0,0,0,0,-86,0,-48,0,-81,-66,0,20.66751816983149,-103.46442505717278
68,-68,0,0,0,0,0,0,0,0,0,0,-60,0,0,0,0,0,0,0,0,0,0,0,0,-94,0,0,0,0,-85,0,0,0,0,0,-86,0,-46,0,-74,-66,0,20.66751816983149,-103.46442505717278
69,-69,0,0,0,0,0,0,0,0,0,0,-60,0,0,0,0,0,0,0,0,0,0,0,0,0,0,0,0,0,0,0,0,0,0,0,0,0,-52,0,-69,-63,0,20.66751816983149,-103.46442505717278
70,-71,0,0,0,0,0,0,0,0,0,0,-61,0,0,0,0,0,0,0,0,0,0,0,0,0,0,0,0,0,0,0,0,0,0,0,0,0,-52,0,-71,-63,0,20.66751816983149,-103.46442505717278
71,-77,0,0,0,0,0,0,0,0,0,0,-59,0,0,0,0,0,0,0,0,0,0,0,0,0,0,0,0,0,0,0,0,0,0,0,0,0,-57,0,-78,-62,0,20.66751816983149,-103.46442505717278
72,-84,0,0,0,0,0,0,0,0,0,0,-58,0,0,0,0,0,0,0,0,0,0,0,0,0,0,0,0,0,0,0,0,0,0,0,0,0,-54,0,-74,-58,0,20.66751816983149,-103.46442505717278
73,-83,0,0,0,0,0,0,0,0,0,0,-56,0,0,0,0,0,0,0,0,0,0,0,0,0,0,0,0,0,0,0,0,0,0,0,0,0,-58,0,-80,-58,0,20.66751816983149,-103.46442505717278
74,-83,0,0,0,0,0,0,0,0,0,0,-54,0,0,0,0,0,0,0,0,0,0,0,0,0,0,0,0,0,0,0,0,0,0,0,0,0,-61,0,-84,-58,0,20.66751816983149,-103.46442505717278
75,-83,0,0,0,0,0,0,0,0,0,0,-51,0,0,0,0,0,0,0,0,0,0,0,0,0,0,0,0,0,0,0,0,0,0,0,0,0,-61,0,-84,-54,0,20.66751816983149,-103.46442505717278
76,-79,0,0,0,0,0,0,0,0,0,0,-49,0,0,0,0,0,0,0,0,0,0,0,0,0,0,0,0,0,0,0,0,0,0,0,0,0,-58,0,-80,-55,0,20.66751816983149,-103.46442505717278
77,-82,0,0,0,0,0,0,0,0,0,0,-49,0,0,0,0,0,0,0,0,0,0,0,0,0,0,0,0,0,0,0,0,0,0,0,0,0,-58,0,-83,-64,0,20.66751816983149,-103.46442505717278
78,-70,0,0,0,0,0,0,0,0,0,0,-49,0,0,0,0,0,0,0,0,0,0,0,0,0,0,0,0,0,0,0,0,0,0,0,0,0,-55,0,-82,-61,0,20.66751816983149,-103.46442505717278
79,-71,0,0,0,0,0,0,0,0,0,0,-51,0,0,0,0,0,0,0,0,0,0,0,0,0,0,0,0,0,0,-81,0,0,0,0,0,0,-49,0,-77,-63,0,20.66751816983149,-103.46442505717278
80,-67,0,0,0,0,0,0,0,0,0,0,-56,0,0,0,0,0,0,0,0,0,0,0,0,0,0,0,0,0,0,-81,0,0,0,0,0,0,-51,0,-76,-63,0,20.66751816983149,-103.46442505717278
81,-67,0,0,0,0,0,0,0,0,0,0,-60,0,0,0,0,0,0,0,0,0,0,0,0,0,0,0,0,0,0,-81,0,0,0,0,0,0,-59,0,-76,-57,0,20.66751816983149,-103.46442505717278
82,-76,0,0,0,0,0,0,0,0,0,0,-60,0,0,0,0,0,0,0,0,0,0,0,0,0,0,0,0,0,0,-81,0,0,0,0,0,0,-59,0,-76,-57,0,20.66751816983149,-103.46442505717278
83,-81,0,0,0,0,0,0,0,0,0,0,-60,0,0,0,0,0,0,0,0,0,0,0,0,0,0,0,0,0,0,0,0,0,0,0,0,0,-67,0,-92,-61,0,20.66751816983149,-103.46442505717278
84,-85,0,0,0,0,0,0,0,0,0,0,-61,0,0,0,0,0,0,0,0,0,0,0,0,0,0,0,0,0,0,0,0,0,0,0,0,0,-67,0,-92,-59,0,20.66751816983149,-103.46442505717278
85,-88,0,0,0,0,0,0,0,0,0,0,-62,0,0,0,0,0,0,0,0,0,0,0,0,0,0,0,0,0,0,0,0,0,0,0,0,0,-72,0,-92,-59,0,20.66751816983149,-103.46442505717278
86,-88,-92,0,0,0,0,0,0,0,0,0,-62,0,0,0,0,0,0,0,0,0,0,0,0,0,0,0,0,0,0,0,0,0,0,0,0,0,-69,0,-92,-59,0,20.66751816983149,-103.46442505717278
87,-81,-92,0,0,0,0,0,0,0,0,0,-62,0,0,0,0,0,0,0,0,0,0,0,0,0,0,0,0,0,0,0,0,0,0,0,0,0,-65,0,0,-59,0,20.66751816983149,-103.46442505717278
88,-81,-92,0,0,0,0,0,0,0,0,0,-63,0,0,0,0,0,0,-91,0,0,0,0,0,0,0,0,0,0,0,0,0,0,0,0,0,0,-68,0,0,-56,0,20.66751816983149,-103.46442505717278
89,-81,-92,0,0,0,0,0,0,0,0,0,-65,0,0,0,0,0,0,-91,0,0,0,0,0,0,0,0,0,0,0,0,0,0,0,0,0,0,-68,0,0,-54,0,20.66751816983149,-103.46442505717278
90,-82,-92,0,0,0,0,0,0,0,0,0,-64,0,0,0,0,0,0,-91,0,0,0,0,0,0,0,0,0,0,0,0,0,0,0,0,0,0,-65,0,0,-58,0,20.66751816983149,-103.46442505717278
91,-80,0,0,0,0,0,0,0,0,0,0,-62,0,0,0,0,0,0,-91,0,0,0,0,0,0,0,0,0,0,0,0,0,0,0,0,0,0,-63,0,0,-54,0,20.66751816983149,-103.46442505717278
92,-80,0,0,0,0,0,0,0,0,0,0,-59,0,0,0,0,0,0,-91,0,0,0,0,0,0,0,0,0,0,0,0,0,0,0,0,0,0,-63,0,0,-55,0,20.66751816983149,-103.46442505717278
93,-80,0,0,0,0,0,0,0,0,0,0,-59,0,0,0,0,0,0,-91,0,0,0,0,0,0,0,0,0,0,0,0,0,0,0,0,0,0,-64,0,0,-49,0,20.66751816983149,-103.46442505717278
94,-80,0,0,0,0,0,0,0,0,0,0,-58,0,0,0,0,0,0,-91,0,0,0,0,0,0,0,0,0,0,0,0,0,0,0,0,0,0,-67,0,-89,-50,0,20.66751816983149,-103.46442505717278
95,0,0,0,0,0,0,0,0,0,0,0,-56,0,0,0,0,0,0,0,0,0,0,0,0,0,0,0,0,0,0,0,0,0,0,0,0,0,-62,0,-87,-53,0,20.66751816983149,-103.46442505717278
96,-74,0,0,0,0,0,0,0,0,0,0,-53,0,0,0,0,0,0,0,0,0,0,0,0,0,0,0,0,0,0,0,0,0,0,0,0,0,-59,0,-86,-55,0,20.66751816983149,-103.46442505717278
97,-70,0,0,0,0,0,0,0,0,0,0,-52,0,0,0,0,0,0,0,0,0,0,0,0,0,0,0,0,0,0,0,0,0,0,0,0,0,-60,0,-83,-64,0,20.66751816983149,-103.46442505717278
98,-69,0,0,0,0,0,0,0,0,0,0,-55,0,0,0,0,0,0,0,0,0,0,0,0,0,0,0,0,0,0,-83,0,0,0,0,0,0,-54,0,-77,-67,0,20.66751816983149,-103.46442505717278
99,-68,0,0,0,0,0,0,0,0,0,0,-60,0,0,0,0,0,0,0,0,0,0,0,0,0,0,0,0,0,0,-83,0,0,0,0,0,0,-57,0,-85,-72,0,20.66751816983149,-103.46442505717278
100,-76,0,0,0,0,0,0,0,0,0,0,-63,0,0,0,0,0,0,0,0,0,0,0,0,0,0,0,0,0,0,-83,0,0,0,0,0,0,-61,0,-85,-68,0,20.66751816983149,-103.46442505717278
101,-75,0,0,0,0,0,0,0,0,0,0,-66,0,0,0,0,0,0,0,0,0,0,0,0,0,0,0,0,0,0,-83,0,0,0,0,0,0,-60,0,-88,-68,0,20.66751816983149,-103.46442505717278
102,-79,0,0,0,0,0,0,0,0,0,0,-68,0,0,0,0,0,0,0,0,0,0,0,0,0,0,0,0,0,0,-83,0,0,0,0,0,0,-60,0,-87,-68,0,20.66751816983149,-103.46442505717278
103,-76,0,0,0,0,0,0,0,0,0,0,-66,0,0,0,0,0,0,0,0,0,0,0,0,0,0,0,0,0,0,0,0,0,0,0,0,0,-64,0,-87,-66,0,20.66751816983149,-103.46442505717278
104,-71,-92,0,0,0,0,0,0,0,0,0,-64,0,0,0,0,0,0,0,0,0,0,0,0,0,0,0,0,0,0,-74,0,0,0,0,0,0,-71,0,-83,-72,0,20.66751816983149,-103.46442505717278
105,-75,-92,0,0,0,0,0,0,0,0,0,-65,0,0,0,0,0,0,0,0,0,0,0,0,0,0,0,0,0,0,-74,0,0,0,0,0,0,-66,0,-83,-74,0,20.66751816983149,-103.46442505717278
106,-79,-92,0,0,0,0,0,0,0,0,0,-71,0,0,0,0,0,0,0,0,0,0,0,0,0,0,0,0,0,0,-81,0,0,0,0,0,0,-66,0,-88,-80,0,20.66751816983149,-103.46442505717278
107,-79,-92,0,0,0,0,0,0,0,0,0,-73,0,0,0,0,0,0,0,0,0,0,0,0,0,0,0,0,0,0,-80,0,0,0,0,0,0,-64,0,-88,-80,0,20.66751816983149,-103.46442505717278
108,-71,-92,0,0,0,0,0,0,0,0,0,-69,0,0,0,0,0,0,0,0,0,0,0,0,0,0,0,0,0,0,-80,0,0,0,0,0,0,-61,0,-85,-74,0,20.66751816983149,-103.46442505717278
109,-66,0,0,0,0,0,0,0,0,0,0,-71,0,0,0,0,0,0,0,0,0,0,0,0,0,0,0,0,0,0,-72,0,0,0,0,0,0,-62,0,-85,-74,0,20.66751816983149,-103.46442505717278
110,-62,0,0,0,0,0,0,0,0,0,0,-71,0,0,0,0,0,0,0,0,0,0,0,0,0,0,0,0,0,0,-72,0,0,0,0,0,0,-59,0,-80,-69,0,20.66751816983149,-103.46442505717278
111,-57,0,0,0,0,0,0,0,0,0,0,-70,0,0,0,0,0,0,0,0,0,0,0,0,0,0,0,0,0,0,-72,0,0,0,0,0,0,-54,0,-73,-69,0,20.66751816983149,-103.46442505717278
112,-61,0,0,0,0,0,0,0,0,0,0,-68,0,0,0,0,0,0,0,0,0,0,0,0,0,0,0,0,0,0,-72,0,0,0,0,0,0,-50,0,-74,-69,0,20.66751816983149,-103.46442505717278
113,-65,0,0,0,0,0,0,0,0,0,0,-65,0,0,0,0,0,0,0,0,0,0,0,0,0,0,-92,0,0,0,-79,0,0,0,0,0,0,-46,0,-74,-71,0,20.66751816983149,-103.46442505717278
114,-69,0,0,0,0,0,0,0,0,0,0,-66,0,0,0,0,0,0,0,0,0,0,0,0,0,0,-92,0,0,0,-79,0,0,0,0,0,0,-51,0,-74,-69,0,20.66751816983149,-103.46442505717278
115,-67,0,0,0,0,0,0,0,0,0,0,-66,0,0,0,0,0,0,0,0,0,0,0,0,0,0,-92,0,0,0,-71,0,0,0,0,0,0,-40,0,-74,-73,0,20.66751816983149,-103.46442505717278
116,-63,0,0,0,0,0,0,0,0,0,0,-66,0,0,0,0,0,0,0,0,0,0,0,0,0,0,-92,0,0,0,-74,0,0,0,0,0,0,-44,0,-74,-73,0,20.66751816983149,-103.46442505717278
117,-65,0,0,0,0,0,0,0,0,0,0,-64,0,0,0,0,0,0,0,0,0,0,0,0,0,0,-92,0,0,0,-74,0,0,0,0,0,0,-38,0,-80,-67,0,20.66751816983149,-103.46442505717278
118,-64,0,0,-87,0,0,0,0,0,0,0,-64,0,0,0,0,0,0,0,0,0,0,0,0,0,0,0,0,0,0,-77,0,0,0,0,0,0,-37,0,-77,-68,0,20.66751816983149,-103.46442505717278
119,-60,0,0,-87,0,0,0,0,0,0,0,-63,0,0,0,0,0,0,0,0,0,0,0,0,0,0,0,0,0,0,-80,0,0,0,0,0,0,-40,0,-77,-66,0,20.66751816983149,-103.46442505717278
120,-67,0,0,-87,0,0,0,0,0,0,0,-63,0,0,0,0,0,0,0,0,0,0,0,0,0,0,0,0,0,0,-79,0,0,0,0,0,0,-40,0,-79,-66,0,20.66751816983149,-103.46442505717278
121,-64,0,0,-87,0,0,0,0,0,0,0,-64,0,0,0,0,0,0,0,0,0,0,0,0,0,0,0,0,0,0,-82,0,0,0,0,0,0,-40,0,-80,-72,0,20.66751816983149,-103.46442505717278
122,-67,0,0,0,0,0,0,0,0,0,0,-65,0,0,0,0,0,0,0,0,0,0,0,0,0,0,0,0,0,0,-82,0,0,0,0,0,0,-40,0,-80,-67,0,20.66751816983149,-103.46442505717278
123,-67,0,0,0,0,0,0,0,0,0,0,-65,0,0,0,0,0,0,0,0,0,0,0,0,0,0,-89,0,0,0,-82,0,0,0,0,0,0,-44,0,-76,-64,0,20.66751816983149,-103.46442505717278
124,-71,0,0,0,0,0,0,0,0,0,0,-64,0,0,0,0,0,0,0,0,0,0,0,0,0,0,-88,0,0,0,-82,0,0,0,0,0,0,-48,0,-74,-64,0,20.66751816983149,-103.46442505717278
125,-73,0,0,0,0,0,0,0,0,0,0,-62,0,0,0,0,0,0,0,0,0,0,0,0,0,0,-88,0,0,0,-82,0,0,0,0,0,0,-44,0,-74,-64,0,20.66751816983149,-103.46442505717278
126,-75,0,0,0,0,0,0,0,0,0,0,-61,0,0,0,0,0,0,0,0,0,0,0,0,0,0,-88,0,0,0,0,0,0,0,0,0,0,-47,0,-78,-71,0,20.66751816983149,-103.46442505717278
127,-76,0,0,0,0,0,0,0,0,0,0,-60,0,0,0,0,0,0,0,0,0,0,0,0,0,0,-88,0,0,0,0,0,0,0,0,0,0,-51,0,-81,-71,0,20.66751816983149,-103.46442505717278
128,-80,0,0,0,0,0,0,0,0,0,0,-59,0,0,0,0,0,0,0,0,0,0,0,0,0,0,0,0,0,0,0,0,0,0,0,0,0,-63,0,-82,-71,0,20.66751816983149,-103.46442505717278
129,-80,0,0,0,0,0,0,0,0,0,0,-58,0,0,0,0,0,0,0,0,0,0,0,0,0,0,0,0,0,0,0,0,0,0,0,0,0,-62,0,-82,-65,0,20.66751816983149,-103.46442505717278
130,-78,0,0,0,0,0,0,0,0,0,0,-58,0,0,0,0,0,0,0,0,0,0,0,0,0,0,0,0,0,0,0,0,0,0,0,0,0,-58,0,-79,-63,0,20.66751816983149,-103.46442505717278
131,-78,0,0,0,0,0,0,0,0,0,0,-57,0,0,0,0,0,0,0,0,0,0,0,0,0,0,0,0,0,0,0,0,0,0,0,0,0,-57,0,-80,-63,0,20.66751816983149,-103.46442505717278
132,-78,0,0,0,0,0,0,0,0,0,0,-57,0,0,0,0,0,0,0,0,0,0,0,0,0,0,0,0,0,0,0,0,0,0,0,0,0,-55,0,-78,-62,0,20.66751816983149,-103.46442505717278
133,-72,0,0,0,0,0,0,0,0,0,0,-57,0,0,0,0,0,0,0,0,0,0,0,0,0,0,0,0,0,0,0,0,0,0,0,0,0,-55,-94,-70,-62,0,20.66751816983149,-103.46442505717278
134,-72,0,0,0,0,0,0,0,0,0,0,-57,0,0,0,0,0,0,0,0,0,0,0,0,0,0,0,0,0,0,0,0,0,0,0,0,0,-55,-94,-73,-66,0,20.66751816983149,-103.46442505717278
135,-72,0,0,0,0,0,0,0,0,0,0,-57,0,0,0,0,0,0,0,0,0,0,0,0,0,0,0,0,0,0,0,0,0,0,0,0,0,-52,-94,-73,-68,0,20.66751816983149,-103.46442505717278
136,-77,0,0,0,0,0,0,0,0,0,0,-58,0,0,0,0,0,0,0,0,0,0,0,0,0,0,0,0,0,0,0,0,0,0,0,0,0,-52,-94,-77,-64,0,20.66751816983149,-103.46442505717278
137,-77,0,0,0,0,0,0,0,0,0,0,-57,0,0,0,0,0,0,0,0,0,0,0,0,0,0,0,0,0,0,0,0,0,0,0,0,0,-57,0,-75,-68,0,20.66751816983149,-103.46442505717278
138,-81,0,0,0,0,0,0,0,0,0,0,-57,0,0,0,0,0,0,0,0,0,0,0,0,0,0,0,0,0,0,0,0,0,0,0,0,0,-57,0,-79,-68,0,20.66751816983149,-103.46442505717278
139,-81,0,0,0,0,0,0,0,0,0,0,-57,0,0,0,0,0,0,0,0,0,0,0,0,0,0,0,0,0,0,0,0,0,0,0,0,0,-57,0,-80,-60,0,20.66751816983149,-103.46442505717278
140,-81,0,0,0,0,0,0,0,0,0,0,-57,0,0,0,0,0,0,0,0,0,0,0,0,0,0,0,0,0,0,0,0,0,0,0,0,0,-62,0,-80,-64,0,20.66751816983149,-103.46442505717278
141,-81,0,0,0,0,0,0,0,0,0,0,-55,0,0,0,0,0,0,0,0,0,0,0,0,0,0,0,0,0,0,0,0,0,0,0,0,0,-61,0,-80,-67,0,20.66751816983149,-103.46442505717278
142,0,0,0,0,0,0,0,0,0,0,0,-56,0,0,0,0,0,0,0,0,0,0,0,0,0,0,0,0,0,0,0,0,0,0,0,0,0,-58,0,-80,-72,0,20.66751816983149,-103.46442505717278
143,0,0,0,0,0,0,0,0,0,0,0,-57,0,0,0,0,0,0,0,0,0,0,0,0,0,0,0,0,0,0,0,0,0,0,0,0,0,-54,0,-80,-69,0,20.66751816983149,-103.46442505717278
144,-77,0,0,0,0,0,0,0,0,0,0,-61,0,0,0,0,0,0,0,0,0,0,0,0,0,0,0,0,0,0,0,0,0,0,0,0,0,-57,0,0,-69,0,20.66751816983149,-103.46442505717278
145,-80,0,0,0,0,0,0,0,0,0,0,-64,0,0,0,0,0,0,0,0,0,0,0,0,0,0,0,0,0,0,0,0,0,0,0,0,0,-52,0,0,-71,0,20.66751816983149,-103.46442505717278
146,-85,0,0,0,0,0,0,0,0,0,0,-62,0,0,0,0,0,0,0,0,0,0,0,0,0,0,0,0,0,0,0,0,0,0,0,0,0,-54,0,0,-70,0,20.66751816983149,-103.46442505717278
147,-85,0,0,0,0,0,0,0,0,0,0,-60,0,0,0,0,0,0,0,0,0,0,0,0,0,0,0,0,0,0,0,0,0,0,0,0,0,-54,0,0,-66,0,20.66751816983149,-103.46442505717278
148,-79,0,0,0,0,0,0,0,0,0,0,-59,0,0,0,0,0,0,0,0,0,0,0,0,0,0,0,0,0,0,0,0,0,0,0,0,0,-54,0,0,-68,0,20.66751816983149,-103.46442505717278
149,-79,0,0,0,0,0,0,0,0,0,0,-61,0,0,0,0,0,0,0,0,0,0,0,0,0,0,0,0,0,0,0,0,0,0,0,0,0,-55,0,0,-75,0,20.66751816983149,-103.46442505717278
150,-83,0,0,0,0,0,0,0,0,0,0,-61,0,0,0,0,0,0,0,0,0,0,0,0,0,0,0,0,0,0,0,0,0,0,0,0,0,-55,0,0,-68,0,20.66751816983149,-103.46442505717278
151,-79,0,0,0,0,0,0,0,0,0,0,-58,0,0,0,0,0,0,0,0,0,0,0,0,0,0,0,0,0,0,0,0,0,0,0,0,0,-61,0,-92,-66,0,20.66751816983149,-103.46442505717278
152,-78,0,0,0,0,0,0,0,0,0,0,-55,0,0,0,0,0,0,0,0,0,0,0,0,0,0,0,0,0,0,0,0,0,0,0,0,0,-59,0,-81,-62,0,20.66751816983149,-103.46442505717278
153,-78,0,0,0,0,0,0,0,0,0,0,-55,0,0,0,0,0,0,0,0,0,0,0,0,0,0,0,0,0,0,0,0,0,0,0,0,0,-63,0,-81,-62,0,20.66751816983149,-103.46442505717278
154,-82,0,0,0,0,0,0,0,0,0,0,-53,0,0,0,0,0,0,0,0,0,0,0,0,0,0,0,0,0,0,0,0,0,0,0,0,0,-64,0,-86,-62,0,20.66751816983149,-103.46442505717278
155,-82,0,0,0,0,0,0,0,0,0,0,-52,0,0,0,0,0,0,0,0,0,0,0,0,0,0,0,0,0,0,0,0,0,0,0,0,0,-61,0,-82,-61,0,20.66751816983149,-103.46442505717278
156,-80,0,0,0,0,0,0,0,0,0,0,-51,0,0,0,0,0,0,0,0,0,0,0,0,0,0,0,0,0,0,0,0,0,0,0,0,0,-54,0,-83,-61,0,20.66751816983149,-103.46442505717278
157,-73,0,0,0,0,0,0,0,0,0,0,-49,0,0,0,0,0,0,0,0,0,0,0,0,0,0,0,0,0,0,0,0,0,0,0,0,0,-56,0,-83,-62,0,20.66751816983149,-103.46442505717278
158,-66,0,0,0,0,0,0,0,0,0,0,-53,0,0,0,0,0,0,0,0,0,0,0,0,0,0,0,0,0,0,0,0,0,0,0,0,0,-52,0,-73,-66,0,20.66751816983149,-103.46442505717278
159,-74,0,0,0,0,0,0,0,0,0,0,-58,0,0,0,0,0,0,0,0,0,0,0,0,0,0,0,0,0,0,0,0,0,0,0,0,0,-60,0,-73,-61,0,20.66751816983149,-103.46442505717278
160,-76,0,0,0,0,0,0,0,0,0,0,-61,0,0,0,0,0,0,-90,0,0,0,0,0,0,0,0,0,0,0,0,0,0,0,0,0,0,-57,0,-73,-57,0,20.66751816983149,-103.46442505717278
161,-73,0,0,0,0,0,0,0,0,0,0,-61,0,0,0,0,0,0,-90,0,0,0,0,0,0,0,0,0,0,0,0,0,0,0,0,0,0,-58,0,-81,-56,0,20.66751816983149,-103.46442505717278
162,-73,0,0,0,0,0,0,0,0,0,0,-57,0,0,0,0,0,0,-90,0,0,0,0,0,0,0,0,0,0,0,0,0,0,0,0,0,0,-59,0,-81,-58,0,20.66751816983149,-103.46442505717278
163,-78,0,0,0,0,0,0,0,0,0,0,-54,0,0,0,0,0,0,0,0,0,0,0,0,0,0,0,0,0,0,0,0,0,0,0,0,0,-62,0,-85,-60,0,20.66751816983149,-103.46442505717278
164,-77,0,0,0,0,0,0,0,0,0,0,-56,0,0,0,0,0,0,0,0,0,0,0,0,0,0,0,0,0,0,0,0,0,0,0,0,0,-67,0,-85,-54,0,20.66751816983149,-103.46442505717278
165,-81,0,0,0,0,-89,0,0,0,0,0,-56,0,0,0,0,0,0,-90,0,0,0,0,0,0,0,0,0,0,0,0,0,0,0,0,0,0,-67,0,-85,-50,0,20.66751816983149,-103.46442505717278
166,-79,0,0,0,0,-89,0,0,0,0,0,-55,0,0,0,0,0,0,-90,0,0,0,0,0,0,0,0,0,0,0,0,0,0,0,0,0,0,-61,0,-81,-58,0,20.66751816983149,-103.46442505717278
167,-83,0,0,0,0,-89,0,0,0,0,0,-55,0,0,0,0,0,0,-90,0,0,0,0,0,0,0,0,0,0,0,0,0,0,0,0,0,0,-61,0,-81,-55,0,20.66751816983149,-103.46442505717278
168,-83,0,0,0,0,-89,0,0,0,0,0,-54,0,0,0,0,0,0,-90,0,0,0,0,0,0,0,0,0,0,0,0,0,0,0,0,0,0,-62,0,-85,-50,0,20.66751816983149,-103.46442505717278
169,-80,0,0,0,0,0,0,0,0,0,0,-51,0,0,0,0,0,0,0,0,0,0,0,0,0,0,0,0,0,0,0,0,0,0,0,0,0,-62,0,-85,-50,0,20.66751816983149,-103.46442505717278
170,-81,0,0,0,0,0,0,0,0,0,0,-51,0,0,0,0,0,0,0,0,0,0,0,0,0,0,0,0,0,0,0,0,0,0,0,0,0,-60,0,-85,-48,0,20.66751816983149,-103.46442505717278
171,-83,0,0,0,0,0,0,0,0,0,0,-53,0,0,0,0,0,0,0,0,0,0,0,0,0,0,0,0,0,0,0,0,0,0,0,0,0,-62,0,-85,-49,0,20.66751816983149,-103.46442505717278
172,-79,0,0,0,0,0,0,0,0,0,0,-51,0,0,0,0,0,0,0,0,0,0,0,0,0,0,0,0,0,0,0,0,0,0,0,0,0,-64,0,-85,-58,0,20.66751816983149,-103.46442505717278
173,-79,0,0,0,0,0,0,0,0,0,0,-49,0,0,0,0,0,0,0,0,0,0,0,0,0,0,0,0,0,0,0,0,0,0,0,0,0,-64,0,-85,-58,0,20.66751816983149,-103.46442505717278
174,-77,-91,0,0,0,0,0,0,0,0,0,-50,0,0,0,0,0,0,0,0,0,0,0,0,0,0,0,0,0,0,0,0,0,0,0,0,0,-59,0,-81,-61,0,20.66751816983149,-103.46442505717278
175,-80,-91,0,0,0,0,0,0,0,0,0,-54,0,0,0,0,0,0,0,0,0,0,0,0,0,0,0,0,0,0,0,0,0,0,0,0,0,-62,0,-85,-58,0,20.66751816983149,-103.46442505717278
176,-80,-91,0,0,0,0,0,0,0,0,0,-55,0,0,0,0,0,0,0,0,0,0,0,0,0,0,0,0,0,0,0,0,0,0,0,0,0,-63,0,-86,-52,0,20.66751816983149,-103.46442505717278
177,-78,-91,0,0,0,0,0,0,0,0,0,-53,0,0,0,0,0,0,0,0,0,0,0,0,0,0,0,0,0,0,0,0,0,0,0,0,0,-62,0,-83,-56,0,20.66751816983149,-103.46442505717278
178,-80,0,0,0,0,0,0,0,0,0,0,-54,0,0,0,0,0,0,0,0,0,0,0,0,0,0,0,0,0,0,0,0,0,0,0,0,0,-62,0,-83,-61,0,20.66751816983149,-103.46442505717278
179,-81,0,0,0,0,0,0,0,0,0,0,-56,0,0,0,0,0,0,0,0,0,0,0,0,0,0,0,0,0,0,0,0,0,0,0,0,0,-62,0,-85,-60,0,20.66751816983149,-103.46442505717278
180,-81,0,0,0,0,0,0,0,0,0,0,-57,0,0,0,0,0,0,0,0,0,0,0,0,0,0,0,0,0,0,0,0,0,0,0,0,0,-66,0,-85,-55,0,20.66751816983149,-103.46442505717278
181,-81,0,0,0,0,0,-93,0,0,0,0,-53,0,0,0,0,0,0,0,0,0,0,0,0,0,0,0,0,0,0,0,0,0,0,0,0,0,-62,0,-85,-62,0,20.66751816983149,-103.46442505717278
182,-73,0,0,0,0,0,-93,0,0,0,0,-54,0,0,0,0,0,0,0,0,0,0,0,0,0,0,0,0,0,0,0,0,0,0,0,0,0,-59,0,-85,-65,0,20.66751816983149,-103.46442505717278
183,-79,0,0,0,0,0,-93,0,0,0,0,-58,0,0,0,0,0,0,0,0,0,0,0,0,0,0,0,0,0,0,0,0,0,0,0,0,0,-67,0,-85,-52,0,20.66751816983149,-103.46442505717278
184,-79,0,0,0,0,0,-93,0,0,0,0,-60,0,0,0,0,0,0,0,0,0,0,0,0,0,0,0,0,0,0,0,0,0,0,0,0,0,-60,0,0,-52,0,20.66751816983149,-103.46442505717278
185,-78,0,0,0,0,0,0,0,0,0,0,-56,0,0,0,0,0,0,0,0,0,0,0,0,0,0,0,0,0,0,0,0,0,0,0,0,0,-61,0,0,-63,0,20.66751816983149,-103.46442505717278
186,-78,0,0,0,0,0,0,0,0,0,0,-54,0,0,0,0,0,0,0,0,0,0,0,0,0,0,0,0,0,0,0,0,0,0,0,0,0,-61,0,-82,-66,0,20.66751816983149,-103.46442505717278
187,-80,0,0,0,0,0,0,0,0,0,0,-54,0,0,0,0,0,0,0,0,0,0,0,0,0,0,0,0,0,0,0,0,0,0,0,0,0,-57,0,-82,-66,0,20.66751816983149,-103.46442505717278
188,-80,0,0,0,0,0,0,0,0,0,0,-54,0,0,0,0,0,0,0,0,0,0,0,0,0,0,0,0,0,0,0,0,0,0,0,0,0,-56,0,-84,0,0,20.66751816983149,-103.46442505717278
189,-80,0,0,0,0,0,0,0,0,0,0,-54,0,0,0,0,0,0,0,0,0,0,0,0,0,0,0,0,0,0,0,0,0,0,0,0,0,-55,0,-84,-58,0,20.66751816983149,-103.46442505717278
190,-80,0,0,0,0,0,0,0,0,0,0,-55,0,0,0,0,0,0,0,0,0,0,0,0,0,0,0,0,0,0,0,0,0,0,0,0,0,-55,0,-81,-59,0,20.66751816983149,-103.46442505717278
191,-80,0,0,0,0,0,0,0,0,0,0,-54,0,0,0,0,0,0,0,0,0,0,0,0,0,0,0,0,0,0,0,0,0,0,0,0,0,-61,0,-81,-57,0,20.66751816983149,-103.46442505717278
192,-78,0,0,0,0,0,0,0,0,0,0,-55,0,0,0,0,0,0,0,0,0,0,0,0,0,0,0,0,0,0,0,0,0,0,0,0,0,-60,0,-84,-57,0,20.66751816983149,-103.46442505717278
193,-78,0,0,0,0,-90,0,0,0,0,0,-58,0,0,0,0,0,0,0,0,0,0,0,0,0,0,0,0,0,0,0,0,0,0,0,0,0,-61,0,-87,-58,0,20.66751816983149,-103.46442505717278
194,-80,0,0,0,0,-90,0,0,0,0,0,-59,0,0,0,0,0,0,0,0,0,0,0,0,0,0,0,0,0,0,0,0,0,0,0,0,0,-57,0,-87,-52,0,20.66751816983149,-103.46442505717278
195,-79,0,0,0,0,-90,0,0,0,0,0,-58,0,0,0,0,0,0,0,0,0,0,0,0,0,0,0,0,0,0,0,0,0,0,0,0,0,-59,0,-86,-56,0,20.66751816983149,-103.46442505717278
196,-79,0,0,0,0,-90,0,0,0,0,0,-55,0,0,0,0,0,0,0,0,0,0,0,0,0,0,0,0,0,0,0,0,0,0,0,0,0,-59,0,-86,-56,0,20.66751816983149,-103.46442505717278
197,-83,0,0,0,0,-90,0,0,0,0,0,-55,0,0,0,0,0,0,0,0,0,0,0,0,0,0,0,0,0,0,0,0,0,0,0,0,0,-62,0,-89,-52,0,20.66751816983149,-103.46442505717278
198,-86,0,0,0,0,0,0,0,0,0,0,-53,0,0,0,0,0,0,0,0,0,0,0,0,0,0,0,0,0,0,0,0,0,0,0,0,0,-63,0,-89,-55,0,20.66751816983149,-103.46442505717278
199,-86,0,0,0,0,0,0,0,0,0,0,-50,0,0,0,0,0,0,0,0,0,0,0,0,0,0,0,0,0,0,0,0,0,0,0,0,0,-63,0,-89,-56,0,20.66751816983149,-103.46442505717278
200,-83,-91,0,0,0,-92,0,0,0,0,0,-50,0,0,0,0,0,0,0,0,0,0,0,0,0,0,0,0,0,0,0,0,0,0,0,0,0,-66,0,-89,-48,0,20.66751816983149,-103.46442505717278
201,-83,-91,0,0,0,-92,0,0,0,0,0,-51,0,0,0,0,0,0,0,0,0,0,0,0,0,0,0,0,0,0,0,0,0,0,0,0,0,-65,0,-89,-40,0,20.66751816983149,-103.46442505717278
202,-75,-91,0,0,0,-92,0,0,0,0,0,-55,0,0,0,0,0,0,0,0,0,0,0,0,0,0,0,0,0,0,0,0,0,0,0,0,0,-61,0,-86,-40,0,20.66751816983149,-103.46442505717278
203,-79,-91,0,0,0,0,0,0,0,0,0,-55,0,0,0,0,0,0,0,0,0,0,0,0,0,0,0,0,0,0,0,0,0,0,0,0,0,-60,0,-86,-50,0,20.66751816983149,-103.46442505717278
204,-83,0,0,0,0,0,0,0,0,0,0,-55,0,0,0,0,0,0,0,0,0,0,0,0,0,0,0,0,0,0,0,0,0,0,0,0,0,-60,0,-86,-53,0,20.66751816983149,-103.46442505717278
205,-83,0,0,0,0,0,0,0,0,0,0,-53,0,0,0,0,0,0,0,0,0,0,0,0,0,0,0,0,0,0,0,0,0,0,0,0,0,-64,0,-86,-49,0,20.66751816983149,-103.46442505717278
206,-83,0,0,0,0,0,0,0,0,0,0,-55,0,0,0,0,0,0,0,0,0,0,0,0,0,0,0,0,0,0,0,0,0,0,0,0,0,-63,0,-86,-43,0,20.66751816983149,-103.46442505717278
207,-83,0,0,0,0,0,0,0,0,0,0,-52,0,0,0,0,0,0,0,0,0,0,0,0,0,0,0,0,0,0,0,0,0,0,0,0,0,-63,0,-82,-50,0,20.66751816983149,-103.46442505717278
208,-81,0,0,0,0,0,0,0,0,0,0,-50,0,0,0,0,0,0,0,0,0,0,0,0,0,0,0,0,0,0,0,0,0,0,0,0,0,-63,0,-82,-54,0,20.66751816983149,-103.46442505717278
209,-77,0,0,0,0,0,0,0,0,0,0,-52,0,0,0,0,0,0,0,0,0,0,0,0,0,0,0,0,0,0,0,0,0,0,0,0,0,-61,0,-82,-57,0,20.66751816983149,-103.46442505717278
210,-76,0,0,0,0,0,0,0,0,0,0,-53,0,0,0,0,0,0,0,0,0,0,0,0,0,0,0,0,0,0,0,0,0,0,0,0,0,-65,0,-82,-59,0,20.66751816983149,-103.46442505717278
211,-79,0,0,0,0,0,0,0,0,0,0,-53,0,0,0,0,0,0,0,0,0,0,0,0,0,0,0,0,0,0,0,0,0,0,0,0,0,-64,0,-86,-56,0,20.66751816983149,-103.46442505717278
212,-78,0,0,0,0,0,0,0,0,0,0,-55,0,0,0,0,0,0,0,0,0,0,0,0,0,0,0,0,0,0,0,0,0,0,0,0,0,-61,0,-79,-54,0,20.66751816983149,-103.46442505717278
213,-75,0,0,0,0,0,0,0,0,0,0,-55,0,0,0,0,0,0,0,0,0,0,0,0,0,0,0,0,0,0,0,0,0,0,0,0,0,-61,0,-84,-62,0,20.66751816983149,-103.46442505717278
214,-81,0,0,0,0,0,0,0,0,0,0,-53,0,0,0,0,0,0,0,0,0,0,0,0,0,0,0,0,0,0,0,0,0,0,0,0,0,-57,0,-87,-66,0,20.66751816983149,-103.46442505717278
215,-79,0,0,0,0,0,0,0,0,0,0,-54,0,0,0,0,0,0,0,0,0,0,0,0,0,0,0,0,0,0,0,0,0,0,0,0,0,-66,0,-82,-57,0,20.66751816983149,-103.46442505717278
216,-79,0,0,0,0,0,0,0,0,0,0,-53,0,0,0,0,0,0,0,0,0,0,0,0,0,0,0,0,0,0,0,0,0,0,0,0,0,-65,0,-85,-57,0,20.66751816983149,-103.46442505717278
217,-78,0,0,0,0,0,0,0,0,0,0,-53,0,0,0,0,0,0,0,0,0,0,0,0,0,0,0,0,0,0,0,0,0,0,0,0,0,-65,0,-85,-57,0,20.66751816983149,-103.46442505717278
218,-78,0,0,0,0,0,0,0,0,0,0,-54,0,0,0,0,0,0,0,0,0,0,0,0,0,0,0,0,0,0,0,0,0,0,0,0,0,-64,0,-86,-56,0,20.66751816983149,-103.46442505717278
219,-78,0,0,0,0,0,0,0,0,0,0,-54,0,0,0,0,0,0,0,0,0,0,0,0,0,0,0,0,0,0,0,0,0,0,0,0,0,-60,0,-86,-55,0,20.66751816983149,-103.46442505717278
220,-71,0,0,0,0,0,0,0,0,0,0,-54,0,0,0,0,0,0,0,0,0,0,0,0,0,0,0,0,0,0,0,0,0,0,0,0,0,-57,0,-84,-55,0,20.667497368307856,-103.46440914782623
221,-71,0,0,0,0,0,0,0,0,0,0,-56,0,0,0,0,0,0,0,0,0,0,0,0,0,0,0,0,0,0,0,0,0,0,0,0,0,-63,0,-84,-59,0,20.667493785276918,-103.46440640746538
222,-76,0,0,0,0,0,0,0,0,0,0,-57,0,0,0,0,0,0,0,0,0,0,0,0,0,0,0,0,0,0,0,0,0,0,0,0,0,-57,0,-83,-63,0,20.667493785276918,-103.46440640746538
223,-76,0,0,0,0,0,0,0,0,0,0,-56,0,0,0,0,0,0,0,0,0,0,0,0,0,0,0,0,0,0,0,0,0,0,0,0,0,-65,0,-83,-59,0,20.667493785276918,-103.46440640746538
224,-80,0,0,0,0,0,0,0,0,0,0,-57,0,0,0,0,0,0,-92,0,0,0,0,0,0,0,0,0,0,0,0,0,0,0,0,0,0,-68,0,-83,-53,0,20.66747658063436,-103.46439324907249
225,-77,0,0,0,0,0,0,0,0,0,0,-57,0,0,0,0,0,0,-92,0,0,0,0,0,0,0,0,0,0,0,0,0,0,0,0,0,0,-68,0,-83,-52,0,20.667473037768826,-103.4643905394308
226,-80,0,0,0,0,0,0,0,0,0,0,-56,0,0,0,0,0,0,-92,0,0,0,0,0,0,0,0,0,0,0,0,0,0,0,0,0,0,-60,0,-84,-54,0,20.6674661556348,-103.46438527586179
227,-70,0,0,0,0,0,0,0,0,0,0,-54,0,0,0,0,0,0,0,0,0,0,0,0,0,0,0,0,0,0,0,0,0,0,0,0,0,-57,0,-84,-52,0,20.667462554598682,-103.46438252173029
228,-79,0,0,0,0,0,0,0,0,0,0,-50,0,0,0,0,0,0,0,0,0,0,0,0,0,0,0,0,0,0,0,0,0,0,0,0,0,-58,0,-84,-59,0,20.667455694624877,-103.46437727510977
229,-79,0,0,0,0,0,0,0,0,0,0,-49,0,0,0,0,0,0,0,0,0,0,0,0,0,0,0,0,0,0,-81,0,0,0,0,0,0,-57,0,-83,-62,0,20.667452070043524,-103.46437450297049
230,-67,0,0,0,0,0,0,0,0,0,0,-49,0,-88,0,0,0,0,0,0,0,0,0,0,0,0,-88,0,0,0,-80,0,0,0,0,0,0,-53,0,-75,-74,0,20.66744527378036,-103.46436930507691
231,-65,0,0,0,0,0,0,0,0,0,0,-54,0,-88,0,0,0,0,0,0,0,0,0,0,0,0,-88,0,0,0,-78,0,0,0,0,0,0,-50,0,-69,-70,0,20.667441772465242,-103.46436662721368
232,-70,0,0,-91,0,0,0,0,0,0,0,-54,0,-88,0,0,0,0,0,0,0,0,0,0,0,0,-88,0,0,0,-78,0,0,0,0,0,0,-49,0,-80,-69,0,20.667438246219874,-103.46436393028337
233,-74,0,0,-91,0,0,0,0,0,0,0,-57,0,-88,0,0,0,0,0,0,0,0,0,0,0,0,-88,0,0,0,-78,0,0,0,0,0,0,-46,0,-79,-64,0,20.66743494573177,-103.46436140601591
234,-73,0,0,-91,0,0,0,0,0,0,0,-60,0,0,0,0,0,0,0,0,0,0,0,0,0,0,-88,0,0,0,-78,0,0,0,0,0,0,-51,0,-79,-70,0,20.667431102318222,-103.46435846651018
235,-73,0,0,-91,0,0,0,0,0,0,0,-62,0,0,0,0,0,0,0,0,0,0,0,0,0,0,-88,0,0,0,0,0,0,0,0,0,0,-49,0,-76,-70,0,20.667422567862626,-103.46435193921852
236,-73,0,0,0,0,0,0,0,0,0,0,-62,0,0,0,0,0,0,0,0,0,0,0,0,0,0,0,0,0,0,0,0,0,0,0,0,0,-54,0,-76,-70,0,20.667419091477758,-103.46434928042234
237,-73,0,0,0,0,0,0,0,0,0,0,-63,0,0,0,0,0,0,0,0,0,0,0,0,0,0,0,0,0,0,0,0,0,0,0,0,0,-56,0,-77,-69,0,20.66741559016264,-103.46434660255909
238,-77,0,0,0,0,0,0,0,0,0,0,-63,0,0,0,0,0,0,0,0,0,0,0,0,0,0,0,0,0,0,0,0,0,0,0,0,0,-58,0,-81,-68,0,20.66741559016264,-103.46434660255909
239,-76,0,0,0,0,0,0,0,0,0,0,-62,0,0,0,0,0,0,0,0,0,0,0,0,0,0,0,0,0,0,0,0,0,0,0,0,0,-50,0,-85,-61,0,20.66741559016264,-103.46434660255909
240,-62,0,0,0,0,0,0,0,0,0,0,-67,0,0,0,0,0,0,0,0,0,0,0,0,0,0,0,0,0,0,-77,0,0,0,0,0,0,-47,0,-68,-71,0,20.667462017666598,-103.46437476575375
241,-66,0,0,0,0,0,0,0,0,0,0,-68,0,0,0,0,0,0,0,0,0,-85,0,0,0,0,0,0,0,0,-77,0,0,0,0,0,0,-52,0,-76,-71,0,20.667462017666598,-103.46437476575375
242,-66,0,0,0,0,0,0,0,0,0,0,-68,0,0,0,0,0,0,0,0,0,-85,0,0,0,0,0,0,0,0,-77,0,0,0,0,0,0,-52,0,-76,-71,0,20.667462017666598,-103.46437476575375
243,-63,0,0,0,0,0,0,0,0,0,0,-68,0,-86,0,0,0,0,0,0,0,-85,0,0,0,0,0,0,0,0,-78,0,0,0,0,0,0,-47,0,-76,-71,0,20.667462017666598,-103.46437476575375
244,-63,0,0,0,0,0,0,0,0,0,0,-67,0,-86,0,0,0,0,0,0,0,-85,0,0,0,0,0,0,0,0,-78,0,0,0,0,0,0,-52,0,-80,-67,0,20.667462017666598,-103.46437476575375
245,-64,0,0,-86,0,0,0,0,0,0,0,-67,0,-86,0,0,0,0,0,0,0,0,0,0,0,0,0,0,0,0,-77,0,0,0,0,0,0,-42,0,-83,-65,0,20.667462017666598,-103.46437476575375
246,-65,0,0,-86,0,0,0,0,0,0,0,-66,0,-86,0,0,0,0,0,0,0,0,0,0,0,0,0,0,0,0,-76,0,0,0,0,0,0,-39,0,-79,-65,0,20.667462017666598,-103.46437476575375
247,-64,0,0,-86,0,0,0,0,0,0,0,-66,0,0,0,0,0,0,0,0,0,0,0,0,0,0,0,0,0,0,-79,0,0,0,0,0,0,-39,0,-80,-68,0,20.667462017666598,-103.46437476575375
248,-63,0,0,-86,0,0,0,0,0,0,0,-67,0,0,0,0,0,0,0,0,0,0,0,0,0,0,0,0,0,0,-79,0,0,0,0,0,0,-38,0,-83,-72,0,20.667462017666598,-103.46437476575375
249,-64,0,0,0,0,0,0,0,0,0,0,-68,0,0,0,0,0,0,0,0,0,0,0,0,0,0,0,0,0,0,-82,0,0,0,0,0,0,-38,0,-83,-66,0,20.667462017666598,-103.46437476575375
250,-61,0,0,0,0,0,0,0,0,0,0,-67,0,0,0,0,0,0,0,0,0,0,0,0,0,0,0,0,0,0,-81,0,0,0,0,0,0,-38,0,-80,-66,0,20.667462017666598,-103.46437476575375
251,-65,0,0,0,0,0,0,0,0,0,0,-67,0,-94,0,0,0,0,0,0,0,0,0,0,0,0,0,0,0,0,-81,0,0,0,0,0,0,-46,0,-65,-65,0,20.667462017666598,-103.46437476575375
252,-72,0,0,0,0,0,0,0,0,0,0,-67,0,-94,0,0,0,0,0,0,0,0,0,0,0,0,0,0,0,0,-81,0,0,0,0,0,0,-51,0,-75,-63,0,20.667462017666598,-103.46437476575375
253,-79,0,0,0,0,0,0,0,0,0,0,-66,0,-94,0,0,0,0,0,0,0,0,0,0,0,0,0,0,0,0,0,0,0,0,0,0,0,-54,0,-79,-60,0,20.667462017666598,-103.46437476575375
254,-83,0,0,0,0,0,0,0,0,0,0,-65,0,-94,0,0,0,0,0,0,0,0,0,0,0,0,0,0,0,0,0,0,0,0,0,0,0,-58,0,-79,-59,0,20.667462017666598,-103.46437476575375
255,-83,0,0,0,0,0,0,0,0,0,0,-65,0,0,0,0,0,0,0,0,0,0,0,0,0,0,0,0,0,-91,0,0,0,0,0,0,0,-55,0,-79,-59,0,20.667462017666598,-103.46437476575375
256,-82,0,0,0,0,0,0,0,0,0,0,-64,0,0,0,0,0,0,0,0,0,0,0,0,0,0,0,0,0,-91,0,0,0,0,0,0,0,-59,0,-81,-58,0,20.667462017666598,-103.46437476575375
257,-86,0,0,0,0,0,0,0,0,0,0,-61,0,0,0,0,0,0,0,0,0,0,0,0,0,0,0,0,0,-91,0,0,0,0,0,0,0,-61,0,-80,-58,0,20.667462017666598,-103.46437476575375
258,-84,0,0,0,0,0,0,0,0,0,0,-61,0,0,0,0,0,0,0,0,0,0,0,0,0,0,0,0,0,-91,0,0,0,0,0,0,0,-61,0,-86,-65,0,20.667462017666598,-103.46437476575375
259,-81,0,0,0,0,0,0,0,0,0,0,-57,0,0,0,0,0,0,0,0,0,0,0,0,0,0,0,0,0,0,0,0,0,0,0,0,0,-60,0,-82,-65,0,20.667462017666598,-103.46437476575375
260,-83,0,0,0,0,0,0,0,0,0,0,-57,0,0,0,0,0,0,0,0,0,0,0,0,0,0,0,0,0,0,0,0,0,0,0,0,0,-59,0,-81,-61,0,20.667462017666598,-103.46437476575375
261,-83,0,0,0,0,0,0,0,0,0,0,-56,0,0,0,0,0,0,0,0,0,0,0,0,0,0,0,0,0,0,0,0,0,0,0,0,0,-56,0,-81,-61,0,20.667462017666598,-103.46437476575375
262,-87,0,0,0,0,0,0,0,0,0,0,-53,0,0,0,0,0,0,0,0,0,0,0,0,0,0,0,0,0,0,0,0,0,0,0,0,0,-59,0,-80,-61,0,20.667462017666598,-103.46437476575375
263,-83,0,0,0,0,0,0,0,0,0,0,-54,0,0,0,0,0,0,0,0,0,0,0,0,-93,0,0,0,0,0,0,0,0,0,0,0,0,-60,0,-81,-64,0,20.667462017666598,-103.46437476575375
264,-80,0,0,0,0,0,0,0,0,0,0,-53,0,0,0,0,0,0,0,0,0,0,0,0,-93,0,0,0,0,0,0,0,0,0,0,0,0,-60,0,-85,-64,0,20.667462017666598,-103.46437476575375
265,-80,0,0,0,0,0,0,0,0,0,0,-54,0,0,0,0,0,0,0,0,0,0,0,0,-93,0,0,0,0,0,0,0,0,0,0,0,0,-60,0,-87,-61,0,20.667462017666598,-103.46437476575375
266,-80,0,0,0,0,0,0,0,0,0,0,-55,0,0,0,0,0,0,0,0,0,0,0,0,-93,0,0,0,0,0,0,0,0,0,0,0,0,-61,0,-88,-66,0,20.667462017666598,-103.46437476575375
267,-78,0,0,0,0,0,0,0,0,0,0,-54,0,0,0,0,0,0,0,0,0,0,0,0,0,0,0,0,0,0,0,0,0,0,0,0,0,-57,0,-86,-58,0,20.667462017666598,-103.46437476575375
268,-82,0,0,0,0,0,0,0,0,0,0,-53,0,0,0,0,0,0,0,0,0,0,0,0,0,0,0,0,0,0,0,0,0,0,0,0,0,-57,0,-86,-55,0,20.667462017666598,-103.46437476575375
269,-80,0,0,0,0,0,0,0,0,0,0,-52,0,0,0,0,0,0,0,0,0,0,0,0,0,0,0,0,0,0,0,0,0,0,0,0,0,-61,0,-84,-56,0,20.667462017666598,-103.46437476575375
270,-63,-87,0,0,0,0,0,0,0,0,0,-52,0,0,0,0,0,0,0,0,0,0,0,0,0,0,0,0,0,0,0,0,0,0,0,0,0,-54,0,-77,-55,0,20.667462017666598,-103.46437476575375
271,-66,-87,0,0,0,0,0,0,0,0,0,-53,0,0,0,0,0,0,0,0,0,0,0,0,0,0,0,0,0,0,0,0,0,0,0,0,0,-54,0,-74,-68,0,20.667462017666598,-103.46437476575375
272,-76,-87,0,0,0,0,0,0,0,0,0,-55,0,0,0,0,0,0,0,0,0,0,0,0,0,0,0,0,0,0,-86,0,0,0,0,0,0,-55,0,-81,-60,0,20.667462017666598,-103.46437476575375
273,-80,-90,0,0,0,0,0,0,0,0,0,-55,0,0,0,0,-91,0,0,0,0,0,0,0,0,0,0,0,0,0,-86,0,0,0,0,0,0,-58,0,-81,-60,0,20.667462017666598,-103.46437476575375
274,-79,-90,0,0,0,0,0,0,0,0,0,-59,0,0,0,0,-91,0,0,0,0,0,0,0,0,0,0,0,0,0,-86,0,0,0,0,0,0,-63,0,-88,-56,0,20.667462017666598,-103.46437476575375
275,-79,-90,0,0,0,0,0,0,0,0,0,-59,0,0,0,0,-91,0,0,0,0,0,0,0,0,0,0,0,0,0,-86,0,0,0,0,0,0,-63,0,-88,-56,0,20.667462017666598,-103.46437476575375
276,-83,-90,0,0,0,0,0,0,0,0,0,-58,0,0,0,0,-91,0,0,0,0,0,0,0,0,0,0,0,0,0,0,0,0,0,0,0,0,-62,0,-84,-56,0,20.667462017666598,-103.46437476575375
277,-83,0,0,0,0,0,0,0,0,0,0,-58,0,0,0,0,0,0,0,0,0,0,0,0,0,0,0,0,0,0,0,0,0,0,0,0,0,-66,0,-84,-55,0,20.667462017666598,-103.46437476575375
278,-85,0,0,0,0,-93,0,0,0,0,0,-59,0,0,0,0,0,0,0,0,0,0,0,0,0,0,0,0,0,0,0,0,0,0,0,0,0,-68,0,-84,-61,0,20.667462017666598,-103.46437476575375
279,-85,0,0,0,0,-93,0,0,0,0,0,-59,0,0,0,0,0,0,0,0,0,0,0,0,0,0,0,0,0,0,0,0,0,0,0,0,0,-68,0,-84,-60,0,20.667462017666598,-103.46437476575375
280,-85,0,0,0,0,-92,0,0,0,0,0,-59,0,0,0,0,0,0,0,0,0,0,0,0,0,0,0,0,0,0,0,0,0,0,0,0,0,-65,0,-90,-62,0,20.667462017666598,-103.46437476575375
281,-83,0,0,0,0,-92,0,0,0,0,0,-60,0,0,0,0,0,0,-92,0,0,0,0,0,0,0,0,0,0,0,0,0,0,0,0,0,0,-66,0,-90,-53,0,20.667462017666598,-103.46437476575375
282,-83,0,0,0,0,-92,0,0,0,0,0,-60,0,0,0,0,0,0,-92,0,0,0,0,0,0,0,0,0,0,0,0,0,0,0,0,0,0,-68,0,-91,-59,0,20.667462017666598,-103.46437476575375
283,-83,0,0,0,0,-92,0,0,0,0,0,-61,0,0,0,0,0,0,-92,0,0,0,0,0,0,0,0,0,0,0,0,0,0,0,0,0,0,-63,0,-89,-59,0,20.667462017666598,-103.46437476575375
284,-79,0,0,0,0,-92,0,0,0,0,0,-60,0,0,0,0,0,0,-92,0,0,0,0,0,0,0,0,0,0,0,0,0,0,0,0,0,0,-64,0,-87,-56,0,20.667462017666598,-103.46437476575375
285,-78,0,0,0,0,0,0,0,0,0,0,-58,0,0,0,0,0,0,0,0,0,0,0,0,0,0,0,0,0,0,0,0,0,0,0,0,0,-64,0,-86,-57,0,20.667462017666598,-103.46437476575375
286,-78,0,0,0,0,-94,0,0,0,0,0,-55,0,0,0,0,0,0,0,0,0,0,0,0,0,0,0,0,0,0,0,0,0,0,0,0,0,-64,0,-88,-55,0,20.667462017666598,-103.46437476575375
287,-79,0,0,0,-94,-94,0,0,0,0,0,-54,0,0,0,0,0,0,0,0,0,0,0,0,0,0,0,0,0,0,0,0,0,0,0,0,0,-65,0,-85,-55,0,20.667462017666598,-103.46437476575375
288,-82,0,0,0,-94,-94,0,0,0,0,0,-52,0,0,0,0,0,0,0,0,0,0,0,0,0,0,0,0,0,0,0,0,0,0,0,0,0,-61,0,-87,-50,0,20.667462017666598,-103.46437476575375
289,-83,0,0,0,-94,0,0,0,0,0,0,-53,0,0,0,0,0,0,0,0,0,0,0,0,0,0,0,0,0,0,0,0,0,0,0,0,0,-62,0,-83,-52,0,20.667462017666598,-103.46437476575375
290,-81,0,0,0,0,0,0,0,0,0,0,-52,0,0,0,0,0,0,0,0,0,0,0,0,0,0,0,0,0,0,0,0,0,0,0,0,0,-64,0,-81,-55,0,20.667462017666598,-103.46437476575375
291,-81,0,0,0,0,0,0,0,0,0,0,-53,0,0,0,0,0,0,-91,0,0,0,0,0,0,0,0,0,0,0,0,0,0,0,0,0,0,-62,0,-85,-61,0,20.667462017666598,-103.46437476575375
292,-81,0,0,0,0,0,0,0,0,0,0,-55,0,0,0,0,0,0,-91,0,0,0,0,0,0,0,0,0,0,0,0,0,0,0,0,0,0,-65,0,-85,-61,0,20.667462017666598,-103.46437476575375
293,-88,0,0,0,0,0,0,0,0,0,0,-56,0,0,0,0,0,0,-91,0,0,0,0,0,0,0,0,0,0,0,0,0,0,0,0,0,0,-66,0,-85,-56,0,20.667462017666598,-103.46437476575375
294,-88,0,0,0,0,0,0,0,0,0,0,-56,0,0,0,0,0,0,-91,0,0,0,0,0,0,0,0,0,0,0,0,0,0,0,0,0,0,-67,0,-85,-55,0,20.667462017666598,-103.46437476575375
295,-88,0,0,0,0,0,0,0,0,0,0,-56,0,0,0,0,0,0,-94,0,0,0,0,0,0,0,0,0,0,0,0,0,0,0,0,0,0,-68,0,-93,-54,0,20.667462017666598,-103.46437476575375
296,-88,0,0,0,0,0,0,0,0,0,0,-57,0,0,0,0,0,0,-94,0,0,0,0,0,0,0,0,0,0,0,0,0,0,0,0,0,0,-68,0,-89,-53,0,20.667462017666598,-103.46437476575375
297,-86,0,0,0,0,0,0,0,0,0,0,-57,0,0,0,0,0,0,-94,0,0,0,0,0,0,0,0,0,0,0,0,0,0,0,0,0,0,-69,0,-89,-53,0,20.667462017666598,-103.46437476575375
298,-86,0,0,0,0,0,0,0,0,0,0,-56,0,0,0,0,0,0,-94,0,0,0,0,0,0,0,0,0,0,0,0,0,0,0,0,0,0,-68,0,-89,-61,0,20.667462017666598,-103.46437476575375
299,-83,0,0,0,0,0,0,0,0,0,0,-56,0,0,0,0,0,0,0,0,0,0,0,0,0,0,0,0,0,0,0,0,0,0,0,0,0,-64,0,-89,-62,0,20.667462017666598,-103.46437476575375
300,-83,0,0,0,0,0,0,0,0,0,0,-55,0,0,0,0,0,0,0,0,0,0,0,0,0,0,0,0,0,0,0,0,0,0,0,0,0,-61,0,-87,-53,0,20.667462017666598,-103.46437476575375
301,-82,0,0,0,0,0,0,0,0,0,0,-55,0,0,0,0,0,0,0,0,0,0,0,0,0,0,0,0,0,0,0,0,0,0,0,0,0,-61,0,-81,-54,0,20.667462017666598,-103.46437476575375
302,-74,0,0,0,0,-92,0,0,0,0,0,-55,0,0,0,0,0,0,0,0,0,0,0,0,0,0,0,0,0,0,0,0,0,0,0,0,0,-57,0,-81,-60,0,20.667462017666598,-103.46437476575375
303,-63,0,0,0,0,-92,0,0,0,0,0,-55,0,0,0,0,0,0,0,0,0,0,0,0,0,0,0,0,0,0,0,0,0,0,0,0,0,-55,0,-79,-68,0,20.667462017666598,-103.46437476575375
304,-66,0,0,0,0,-92,0,0,0,0,0,-56,0,0,0,0,0,0,0,0,0,0,0,0,0,0,0,0,0,0,0,0,0,0,0,0,0,-55,0,-81,-68,0,20.667462017666598,-103.46437476575375
305,-78,0,0,0,0,0,0,0,0,0,0,-57,0,0,0,0,0,0,0,0,0,0,0,0,0,0,0,0,0,0,0,0,0,0,0,0,0,-60,0,-85,-63,0,20.667462017666598,-103.46437476575375
306,-81,0,0,0,0,0,0,0,0,0,0,-58,0,0,0,0,0,0,-91,0,0,0,0,0,0,0,0,0,0,0,0,0,0,0,0,0,0,-63,0,-85,-67,0,20.667462017666598,-103.46437476575375
307,-77,0,0,0,0,0,0,0,0,0,0,-59,0,0,0,0,0,0,-91,0,0,0,0,0,0,0,0,0,0,0,0,0,0,0,0,0,0,-67,0,-87,-75,0,20.667462017666598,-103.46437476575375
308,-77,0,0,0,0,0,0,0,0,-92,0,-62,0,0,0,0,0,0,-91,0,0,0,0,0,0,0,0,0,0,0,0,0,0,0,0,0,0,-67,0,-87,-75,0,20.667462017666598,-103.46437476575375
309,-80,0,0,0,0,0,0,0,0,-92,0,-66,0,0,0,0,0,0,0,0,0,0,0,0,0,0,0,0,0,0,0,0,0,0,0,0,0,-58,0,-87,-77,0,20.667462017666598,-103.46437476575375
310,-80,0,0,0,0,0,0,0,0,-92,0,-69,0,0,0,0,0,0,0,0,0,0,0,0,0,0,0,0,0,0,0,0,0,0,0,0,0,-58,0,-87,-69,0,20.667462017666598,-103.46437476575375
311,-70,0,0,0,0,0,0,0,0,0,0,-68,0,0,0,0,0,0,0,0,0,0,0,0,0,0,0,0,0,0,-83,0,0,0,0,0,0,-56,0,-81,-67,0,20.667462017666598,-103.46437476575375
312,-66,0,0,0,0,0,0,0,0,0,0,-66,0,0,0,0,0,0,0,0,0,0,0,0,0,0,0,0,0,0,-80,0,0,0,0,0,0,-52,0,-80,-72,0,20.667462017666598,-103.46437476575375
313,-67,0,0,0,0,0,0,0,0,0,0,-66,0,0,0,0,0,0,0,0,0,0,0,0,0,0,0,0,0,0,-81,0,0,0,0,0,0,-54,0,-69,-68,0,20.667462017666598,-103.46437476575375
314,-63,0,0,0,0,0,0,0,0,0,0,-64,0,0,0,0,0,0,0,0,0,0,0,0,0,0,0,0,0,0,-81,0,0,0,0,0,0,-46,0,-69,-72,0,20.667462017666598,-103.46437476575375
